{
  "houseId": "b3-hermsdorf",
  "faces": [
    {
      "id": 0,
      "normal": [
        0.012108056459220513,
        0.9998393788279127,
        -0.013214064998859616
      ],
      "area": 15.9,
      "usableArea": 0,
      "azimuth": 138,
      "tilt": 1,
      "vertices": [
        [
          -5.119154687702576,
          93.04527892358601,
          -2.075978808243235
        ],
        [
          2.008372456336474,
          95.25935775227845,
          -6.572878545754065
        ],
        [
          5.0094836873822715,
          99.9116740655154,
          -2.0759299715500674
        ],
        [
          6.510037696024483,
          93.04508986882865,
          1.2967074279222288
        ],
        [
          4.821907726734025,
          93.04515926819295,
          2.964307061258296
        ],
        [
          0.5078243362140711,
          91.55657443404198,
          5.774901358272473
        ],
        [
          -1.5554362818011214,
          91.55661013815552,
          5.025411634102056
        ],
        [
          -4.368879780952739,
          93.04532517492771,
          0.3598615930895903
        ]
      ],
      "yieldKwhPerSqm": 1005
    },
    {
      "id": 1,
      "normal": [
        -0.4412127354047366,
        0.5535596547333894,
        -0.7063306808911254
      ],
      "area": 9.5,
      "usableArea": 9.5,
      "azimuth": 212,
      "tilt": 56,
      "vertices": [
        [
          -1.9305564253236298,
          97.67874600924551,
          -1.7011640371274552
        ],
        [
          -0.617584970860662,
          95.25945660751313,
          -4.886511243552377
        ],
        [
          0.32025528039139317,
          93.95676607824862,
          -6.010752418682387
        ],
        [
          2.008372456336474,
          95.25935775227845,
          -6.572878545754065
        ],
        [
          4.446777143434701,
          99.91168034262955,
          -2.825423657101055
        ],
        [
          0.6954053921281229,
          99.35351185128093,
          -1.7011742327813408
        ]
      ],
      "yieldKwhPerSqm": 1051
    },
    {
      "id": 4,
      "normal": [
        0.05030309371752421,
        0.9291370572132337,
        0.3662975944168592
      ],
      "area": 6.2,
      "usableArea": 6.2,
      "azimuth": 8,
      "tilt": 22,
      "vertices": [
        [
          -1.7429808270762805,
          100.09800036251545,
          1.2968058007318177
        ],
        [
          0.1327046522992532,
          100.28402971103787,
          0.3599347834024229
        ],
        [
          2.3835236614459063,
          96.00388958957046,
          1.10943669811968
        ],
        [
          4.446751423448404,
          95.44557877629995,
          2.0273442229736247
        ],
        [
          4.446778814343816,
          95.44558431021869,
          2.0463028185549774
        ],
        [
          2.008374997566534,
          91.37043809518218,
          5.212776182546804
        ],
        [
          0.6953916894626673,
          91.55654819123447,
          4.650661278843472
        ]
      ],
      "yieldKwhPerSqm": 656
    },
    {
      "id": 5,
      "normal": [
        -0.05830062930250682,
        0.9931341487623428,
        -0.10141794311180014
      ],
      "area": 5.7,
      "usableArea": 5.7,
      "azimuth": 210,
      "tilt": 7,
      "vertices": [
        [
          -4.9316583085683305,
          95.25960642844439,
          -2.450647586163541
        ],
        [
          1.2581333548650946,
          93.04502681456506,
          -6.947676890202274
        ],
        [
          1.6332684471626635,
          93.04504278488457,
          -6.198188644040783
        ],
        [
          0.6953916894626673,
          91.55654819123447,
          4.650661278843472
        ],
        [
          -1.5554362818011214,
          91.55661013815552,
          5.025411634102056
        ],
        [
          -2.4932843978394885,
          91.18441689945757,
          3.151687966987083
        ]
      ],
      "yieldKwhPerSqm": 1044
    },
    {
      "id": 6,
      "normal": [
        -0.14367870603185087,
        0.705279912569338,
        -0.6942165903802644
      ],
      "area": 5.6,
      "usableArea": 5.6,
      "azimuth": 192,
      "tilt": 45,
      "vertices": [
        [
          0.13269438097540842,
          97.12038527801633,
          -3.574903671302309
        ],
        [
          3.321358555614097,
          97.30638703145087,
          -4.3244039161581895
        ],
        [
          2.0083844284881707,
          98.60909727402031,
          -2.450669594712963
        ],
        [
          0.6954053921281229,
          99.35351185128093,
          -1.7011742327813408
        ]
      ],
      "yieldKwhPerSqm": 1092
    },
    {
      "id": 8,
      "normal": [
        0.058118352804477795,
        0.9954704674196162,
        0.07523832509210392
      ],
      "area": 5.1,
      "usableArea": 3.6,
      "azimuth": 38,
      "tilt": 5,
      "vertices": [
        [
          -3.993812952387998,
          94.32918475195765,
          -0.014790509965678211
        ],
        [
          -3.243539161944682,
          94.32914686948061,
          -0.7642854500081739
        ],
        [
          6.510031312390311,
          95.25941835343838,
          0.7346840960453846
        ],
        [
          7.072737748420877,
          95.07333470601588,
          1.671553154803405
        ],
        [
          2.0083756473968606,
          93.04524618573487,
          4.0885480189244845
        ],
        [
          0.6953511824021916,
          95.44569720700383,
          3.526340467717091
        ],
        [
          -2.6808285443921704,
          94.1431125421077,
          2.0463180959704914
        ]
      ],
      "yieldKwhPerSqm": 677
    },
    {
      "id": 9,
      "normal": [
        -0.0973540889397064,
        0.9932937552972698,
        0.06236743584729884
      ],
      "area": 4.5,
      "usableArea": 4.5,
      "azimuth": 303,
      "tilt": 7,
      "vertices": [
        [
          -2.8684028283105363,
          96.93437435571104,
          -3.2001506701562903
        ],
        [
          -0.43001436438589735,
          97.12037089467049,
          -4.699143934667518
        ],
        [
          4.446751423448404,
          95.44557877629995,
          2.0273442229736247
        ],
        [
          3.321332957980303,
          95.07345265056938,
          3.901082623611728
        ],
        [
          0.6953511824021916,
          95.44569720700383,
          3.526340467717091
        ],
        [
          -0.4300702614355032,
          95.25961066968739,
          2.589475336812029
        ]
      ],
      "yieldKwhPerSqm": 735
    },
    {
      "id": 10,
      "normal": [
        0.5240022230810365,
        0.4646126361101227,
        0.7138324513307969
      ],
      "area": 4.5,
      "usableArea": 4.5,
      "azimuth": 36,
      "tilt": 62,
      "vertices": [
        [
          -3.055992323404098,
          92.85923554655164,
          2.027457911382953
        ],
        [
          5.947326530854298,
          96.93423745688051,
          -0.014813263107498642
        ],
        [
          6.510031312390311,
          95.25941835343838,
          0.7346840960453846
        ],
        [
          6.322461318842215,
          93.9567889161408,
          1.1094355842578807
        ],
        [
          5.384618132759897,
          93.02637193351984,
          2.046307566903124
        ],
        [
          -2.4932843978394885,
          91.18441689945757,
          3.151687966987083
        ]
      ],
      "yieldKwhPerSqm": 678
    },
    {
      "id": 11,
      "normal": [
        -0.8391066632907382,
        0.5214281222142814,
        -0.15496038521238878
      ],
      "area": 4.3,
      "usableArea": 4.3,
      "azimuth": 260,
      "tilt": 59,