{
  "houseId": "b3-hermsdorf2",
  "faces": [
    {
      "id": 0,
      "normal": [
        -0.061531100165603154,
        0.9957352980568481,
        -0.0687396531563142
      ],
      "area": 82,
      "usableArea": 77.8,
      "azimuth": 222,
      "tilt": 5,
      "vertices": [
        [
          -10.340400266219767,
          95.5972902290523,
          -1.9517029782982718
        ],
        [
          -3.026658236273469,
          96.37114960607141,
          -4.387563772335852
        ],
        [
          5.599802623045726,
          95.95872512087226,
          -6.823423581965471
        ],
        [
          9.913036689636392,
          96.27152768336236,
          -4.387568313464726
        ],
        [
          8.600318051766699,
          96.92765937466174,
          5.168499129056727
        ],
        [
          -6.027166907201426,
          96.16443104669452,
          2.732643135521357
        ]
      ],
      "yieldKwhPerSqm": 1015
    },
    {
      "id": 1,
      "normal": [
        0.3654171902214166,
        0.9219946685306543,
        0.1280472892791336
      ],
      "area": 41.2,
      "usableArea": 41.2,
      "azimuth": 71,
      "tilt": 23,
      "vertices": [
        [
          -8.65261277474081,
          98.44276217371225,
          5.730621887534653
        ],
        [
          3.9120195719963893,
          105.88481633272022,
          -2.8885816389920365
        ],
        [
          11.038229556995539,
          103.36959609389305,
          -4.387571564711834
        ],
        [
          11.600825559822006,
          103.0099242515862,
          -4.387571998708154
        ],
        [
          6.162404694486504,
          103.88783319294453,
          4.606372823171114
        ],
        [
          -6.589762225156555,
          97.85279571264982,
          6.292743688147311
        ]
      ],
      "yieldKwhPerSqm": 802
    },
    {
      "id": 3,
      "normal": [
        -0.1093393698981476,
        0.8684753349068312,
        -0.48352403750873
      ],
      "area": 30.4,
      "usableArea": 30.4,
      "azimuth": 193,
      "tilt": 30,
      "vertices": [
        [
          -6.027166907201426,
          96.16443104669452,
          2.732643135521357
        ],
        [
          -5.8396343064875325,
          104.27857087366283,
          -1.2022141766028653
        ],
        [
          -0.7762753892372345,
          103.17080575972795,
          -4.387568548623676
        ],
        [
          4.662147218835635,
          104.14670269563794,
          -6.448682784870471
        ],
        [
          4.287082308911813,
          105.03945783525705,
          -4.387572562623973
        ],
        [
          2.7868277072059944,
          96.75657097343355,
          2.732639021869545
        ],
        [
          1.2865744172680211,
          96.72278429102153,
          3.107386984560435
        ]
      ],
      "yieldKwhPerSqm": 1094
    },
    {
      "id": 4,
      "normal": [
        0.06036817361472687,
        0.9961844835913796,
        0.0630250606203486
      ],
      "area": 26.8,
      "usableArea": 26.8,
      "azimuth": 44,
      "tilt": 5,
      "vertices": [
        [
          -6.027166907201426,
          96.16443104669452,
          2.732643135521357
        ],
        [
          -3.026658236273469,
          96.37114960607141,
          -4.387563772335852
        ],
        [
          5.599802623045726,
          95.95872512087226,
          -6.823423581965471
        ],
        [
          2.786826144679545,
          96.05420284718275,
          -4.387565490626002
        ]
      ],
      "yieldKwhPerSqm": 692
    },
    {
      "id": 5,
      "normal": [
        0.018466352192519124,
        0.993359485610344,
        -0.11356023152783001
      ],
      "area": 33.2,
      "usableArea": 33.2,
      "azimuth": 171,
      "tilt": 7,
      "vertices": [
        [
          -2.6515940320593283,
          105.89807693939656,
          1.0462704293204297
        ],
        [
          6.16239891434936,
          96.16776853986084,
          -4.387565623339469
        ],
        [
          8.600318051766699,
          96.92765937466174,
          5.168499129056727
        ],
        [
          1.2865764809624312,
          100.09630682319403,
          6.292740444816445
        ],
        [
          -1.3388687369794565,
          100.10732186585665,
          5.3558729008545924
        ]
      ],
      "yieldKwhPerSqm": 1072
    },
    {
      "id": 6,
      "normal": [
        -0.485777796799273,
        0.8218291267655313,
        -0.29768577147161124
      ],
      "area": 23,
      "usableArea": 20.8,
      "azimuth": 238,
      "tilt": 35,
      "vertices": [
        [
          -9.21520837907763,
          95.7322956211865,
          4.606380523811822
        ],
        [
          -8.090019210815335,
          95.05619276221842,
          1.7957745750209142
        ],
        [
          1.6616362159923668,
          102.19031626638025,
          -10.945650858175213
        ],
        [
          3.9120195719963893,
          105.88481633272022,
          -2.8885816389920365
        ],
        [
          2.5992985621645137,
          106.04317624215037,
          -0.07797482733076322
        ],
        [
          -6.777293557292687,
          97.95710270386189,
          5.168501275755261
        ]
      ],
      "yieldKwhPerSqm": 995
    },
    {
      "id": 7,
      "normal": [
        -0.06571871588799404,
        0.9718535002989281,
        -0.2262340034980469
      ],
      "area": 20.3,
      "usableArea": 20.3,
      "azimuth": 196,
      "tilt": 14,
      "vertices": [
        [
          -6.027167202896344,
          96.69592051953077,
          5.168501286465471
        ],
        [
          -6.027166907201426,
          96.16443104669452,
          2.732643135521357
        ],
        [
          2.7868277072059944,
          96.75657097343355,
          2.732639021869545
        ],
        [
          2.7868292960423067,
          97.29202204663306,
          5.168499588198756
        ],
        [
          1.2865753695453537,
          97.2321857791394,
          5.168500165153091
        ]
      ],
      "yieldKwhPerSqm": 1076
    },
    {
      "id": 8,
      "normal": [
        -0.4637074275821289,
        0.8826819131021845,
        -0.07647262181612727
      ],
      "area": 18.5,
      "usableArea": 18.5,
      "azimuth": 261,
      "tilt": 28,
      "vertices": [
        [
          -9.590272923573757,
          102.23562389053404,
          -3.450696742929722
        ],
        [
          -5.8396343064875325,
          104.27857087366283,
          -1.2022141766028653
        ],
        [
          -2.6515940320593283,
          105.89807693939656,
          1.0462704293204297
        ],
        [
          -6.214697680311183,
          104.18891663663089,
          6.105364783830737
        ],
        [
          -7.902484071432518,
          102.82072080206126,
          3.6695061360260297
        ]
      ],
      "yieldKwhPerSqm": 914
    },
    {
      "id": 9,
      "normal": [
        -0.2672240267003742,
        0.9336857112898655,
        -0.23837431087928818
      ],
      "area": 12.9,
      "usableArea": 12.9,
      "azimuth": 228,
      "tilt": 21,
      "vertices": [
        [
          -11.840652335193845,
          96.25924754142761,
          9.852848809376155
        ],
        [
          1.2865726497341896,
          102.48542219027877,
          -9.446662694517727
        ],
        [
          3.349422623877509,
          105.0068730013445,
          -4.387570624541695
        ],
        [
          2.5992985621645137,
          106.04317624215037,
          -0.07797482733076322
        ]
      ],
      "yieldKwhPerSqm": 1020
    },
    {
      "id": 10,
      "normal": [
        -0.7079567200119767,
        0.6991668984936233,
        0.09981448111717517
      ],
      "area": 10.8,
      "usableArea": 10.8,