{
  "houseId": "b3-kladow",
  "faces": [
    {
      "id": 0,
      "normal": [
        -0.10079141647467764,
        0.6970445402867343,
        -0.7099084442528368
      ],
      "area": 47.3,
      "usableArea": 47.3,
      "azimuth": 188,
      "tilt": 46,
      "vertices": [
        [
          -6.838174881079509,
          86.60966947395355,
          -3.6471009864144435
        ],
        [
          -6.649873079397991,
          84.35414803307503,
          -5.895500100650679
        ],
        [
          -0.6245897505584135,
          84.73640070855618,
          -6.082852539573651
        ],
        [
          7.28371285552504,
          86.60652922745794,
          -5.33330429994021
        ],
        [
          7.471979815497719,
          92.24728122446686,
          -0.836476285909157
        ],
        [
          5.777355843906947,
          92.80929819773883,
          -0.08700795608092449
        ],
        [
          -0.8128331870690881,
          91.48529183026403,
          -0.27439267836962244
        ]
      ],
      "yieldKwhPerSqm": 1094
    },
    {
      "id": 3,
      "normal": [
        0.03750604791526256,
        0.5435479108144723,
        -0.8385397814170777
      ],
      "area": 21.8,
      "usableArea": 21.8,
      "azimuth": 177,
      "tilt": 57,
      "vertices": [
        [
          -6.273256372326329,
          86.59143704548478,
          -3.834396401387494
        ],
        [
          -2.8840140778490304,
          86.59503081813455,
          -4.209123452161293
        ],
        [
          4.459343026959062,
          86.60322010982782,
          -4.583839961760532
        ],
        [
          5.21250649237419,
          86.60409594606608,
          -4.583836561036151
        ],
        [
          8.413440697462022,
          90.74427662510425,
          -1.398575192750286
        ],
        [
          5.777355843906947,
          92.80929819773883,
          -0.08700795608092449
        ],
        [
          -1.3777131938992961,
          92.80067773908377,
          0.6624440630293975
        ]
      ],
      "yieldKwhPerSqm": 1084
    },
    {
      "id": 4,
      "normal": [
        -0.5558730395643274,
        0.8305942747360836,
        0.033441212016832346
      ],
      "area": 14.3,
      "usableArea": 14.3,
      "azimuth": 273,
      "tilt": 34,
      "vertices": [
        [
          -4.766932922430612,
          88.28493464458734,
          -2.7101857624620607
        ],
        [
          -2.3191521910636648,
          89.97958614025265,
          -1.7733411262415757
        ],
        [
          -1.0011315524031372,
          90.92099053692073,
          1.5992908729567716
        ],
        [
          -2.5074601618259176,
          89.79112953227013,
          3.2856050716109166
        ],
        [
          -3.0723338429967835,
          89.41443909984082,
          3.285604992448498
        ],
        [
          -4.202077735347017,
          88.47307017538697,
          3.285604704204161
        ]
      ],
      "yieldKwhPerSqm": 867
    },
    {
      "id": 5,
      "normal": [
        -0.9211301209191016,
        0.3592036933289281,
        0.14997335441477108
      ],
      "area": 18.1,
      "usableArea": 10.5,
      "azimuth": 279,
      "tilt": 69,
      "vertices": [
        [
          -4.578694670359879,
          86.23585485946387,
          -2.7102550146773865
        ],
        [
          -4.390346963439412,
          86.59331774991006,
          -3.2722863512717595
        ],
        [
          -0.8128331870690881,
          91.48529183026403,
          -0.27439267836962244
        ],
        [
          -0.8128385723254605,
          91.48523804079741,
          1.7866586973286758
        ],
        [
          -1.565909206533149,
          88.66420536767691,
          5.51500125651728
        ],
        [
          -2.319140984924786,
          81.91386783402413,
          8.700314468736906
        ],
        [
          -3.6371729178505916,
          82.1001667669043,
          4.952964079599042
        ],
        [
          -3.8254113606096207,
          86.5933698117733,
          4.390776680349518
        ],
        [
          -4.202118628324285,
          81.91163841728121,
          1.2244704007498513
        ]
      ],
      "yieldKwhPerSqm": 808
    },
    {
      "id": 6,
      "normal": [
        -0.0011697612002841782,
        0.9999993157356185,
        0.00001367584795492781
      ],
      "area": 20.9,
      "usableArea": 18.9,
      "azimuth": 271,
      "tilt": 0,
      "vertices": [
        [
          -6.838174881079509,
          86.60966947395355,
          -3.6471009864144435
        ],
        [
          -6.0850132256898055,
          86.61046394798905,
          -3.834466717638861
        ],
        [
          -4.390400815188229,
          86.61227467283607,
          -4.209195229192119
        ],
        [
          7.09530000678143,
          86.62514566164464,
          -5.333366423812549
        ],
        [
          7.283728870780863,
          86.62608664575964,
          4.390911834347207
        ],
        [
          7.283731078713857,
          86.62610684614629,
          4.578278073142428
        ],
        [
          6.5305610919452315,
          86.625259318389,
          5.327746442086209
        ],
        [
          5.7773945956572,
          86.62432648148388,
          5.515112118828256
        ],
        [
          -1.001105897842251,
          86.61566040944308,
          6.264557999125827
        ],
        [
          -2.130853513969384,
          86.6142548052594,
          6.264557018443156
        ],
        [
          -3.8254797062988355,
          86.61219023168087,
          5.702448739237298
        ],
        [
          -4.013768092162251,
          86.61195922922343,
          5.1403474076978455
        ]
      ],
      "yieldKwhPerSqm": 836
    },
    {
      "id": 7,
      "normal": [
        -0.739491739998949,
        0.673122613002494,
        0.007610147043345468
      ],
      "area": 9,
      "usableArea": 9,
      "azimuth": 271,
      "tilt": 48,
      "vertices": [
        [
          -6.649873079397991,
          84.35414803307503,
          -5.895500100650679
        ],
        [
          -6.461577066934011,
          84.16665257979184,
          -7.394438884653937
        ],
        [
          -0.8128331870690881,
          91.48529183026403,
          -0.27439267836962244
        ],
        [
          -1.0011315524031372,
          90.92099053692073,
          1.5992908729567716
        ],
        [
          -3.0723338429967835,
          89.41443909984082,
          3.285604992448498
        ],
        [
          -4.202077735347017,
          88.47307017538697,
          3.285604704204161
        ]
      ],
      "yieldKwhPerSqm": 871
    },
    {
      "id": 8,
      "normal": [
        -0.0882776401349176,
        0.8483136834368455,
        -0.5220832814274189
      ],
      "area": 4.1,
      "usableArea": 4.1,
      "azimuth": 190,
      "tilt": 32,
      "vertices": [
        [
          -6.838130316595822,
          86.59083204064518,
          -3.6470298478052428
        ],
        [
          -6.273256372326329,
          86.59143704548478,
          -3.834396401387494
        ],
        [
          -0.6245215258247181,
          86.59749133978039,
          -4.396485804081749
        ],
        [
          4.647610478902892,
          91.67978677991778,
          -1.023852748763602
        ],
        [
          3.1412783008848355,
          91.67797335423529,
          -0.46175102001507184
        ],
        [
          -4.013770782403923,
          87.15763326734304,
          -2.3354451735176553
        ]
      ],
      "yieldKwhPerSqm": 1097
    },
    {
      "id": 9,
      "normal": [
        0.785272136309895,
        0.4828531686928013,
        0.3875570789169186
      ],
      "area": 3.7,
      "usableArea": 3.7,
      "azimuth": 64,