{
  "houseId": "b3-lichterfelde",
  "faces": [
    {
      "id": 0,
      "normal": [
        -0.22012825313338713,
        0.8294237002838596,
        -0.513419786899447
      ],
      "area": 25.1,
      "usableArea": 22.1,
      "azimuth": 203,
      "tilt": 34,
      "vertices": [
        [
          -7.758551798165426,
          84.01603928394616,
          -1.7801019998805714
        ],
        [
          -4.366847384241991,
          83.8279350856319,
          -3.2790248619930935
        ],
        [
          5.431410750620417,
          87.02384796179831,
          -6.464230332763691
        ],
        [
          5.431401298394777,
          87.96397299692035,
          -4.403200538137753
        ],
        [
          4.677685004788801,
          88.9040814973414,
          -2.9042722361700726
        ],
        [
          -0.9751755511254295,
          86.46032585948706,
          5.714577203376393
        ],
        [
          -3.613164439201936,
          85.70833654236048,
          6.2766700682623195
        ]
      ],
      "yieldKwhPerSqm": 1082
    },
    {
      "id": 2,
      "normal": [
        -0.4888423584669398,
        0.8441527166209878,
        0.22008938999844205
      ],
      "area": 18,
      "usableArea": 18,
      "azimuth": 294,
      "tilt": 32,
      "vertices": [
        [
          -7.758552055094041,
          83.64004220813513,
          -1.030632838846941
        ],
        [
          -7.758551798165426,
          84.01603928394616,
          -1.7801019998805714
        ],
        [
          -3.61313706285844,
          86.83610812947154,
          -2.7169269921796513
        ],
        [
          -0.975156698828213,
          87.9641693988815,
          -1.5927204263934982
        ],
        [
          -0.7867325739801154,
          87.40019208751619,
          0.09357967715914128
        ],
        [
          -0.9751555899722725,
          84.76807427126914,
          1.2177833535170066
        ],
        [
          -1.1635851493204237,
          84.39208192937076,
          1.7798819851523149
        ],
        [
          -4.93215261002595,
          84.01624719798565,
          5.714570073170762
        ]
      ],
      "yieldKwhPerSqm": 790
    },
    {
      "id": 3,
      "normal": [
        -0.7790099628732866,
        0.520496608311081,
        0.3496094370591587
      ],
      "area": 8.2,
      "usableArea": 8.2,
      "azimuth": 294,
      "tilt": 59,
      "vertices": [
        [
          -3.61313706285844,
          86.83610812947154,
          -2.7169269921796513
        ],
        [
          -0.4098870676109791,
          87.58827745728195,
          2.716713138615887
        ],
        [
          -0.7867425926827117,
          86.08427433297038,
          4.777744973303925
        ],
        [
          -3.236287327237077,
          85.89611543528736,
          -0.6558903155455482
        ]
      ],
      "yieldKwhPerSqm": 771
    },
    {
      "id": 4,
      "normal": [
        0.09920552472164426,
        0.9238047405685054,
        0.3697878650900537
      ],
      "area": 7.3,
      "usableArea": 7.3,
      "azimuth": 15,
      "tilt": 23,
      "vertices": [
        [
          -6.062710583080188,
          84.01614074409008,
          1.7798685755042243
        ],
        [
          -6.062705798759707,
          84.95609457977116,
          -1.0306307191567612
        ],
        [
          -3.6131344231410174,
          84.76800317130983,
          -2.1548234715664876
        ],
        [
          3.3586838517937587,
          89.28016563132405,
          -1.7800764644125593
        ],
        [
          5.242963970768615,
          88.90412976499647,
          -1.592704095186491
        ],
        [
          6.56196333748696,
          87.96405575610697,
          -1.2179646261574817
        ],
        [
          7.880955910323538,
          87.400042232126,
          -0.09376031137799146
        ],
        [
          2.9818193330563383,
          86.27217135764658,
          3.278824408298533
        ],
        [
          -0.0330219947366267,
          84.58014805242419,
          4.028283985557209
        ],
        [
          -2.294159623897284,
          84.7681796355173,
          3.6535434799661743
        ]
      ],
      "yieldKwhPerSqm": 662
    },
    {
      "id": 5,
      "normal": [
        0.4485106241072639,
        0.8805825218722175,
        -0.15301190226932712
      ],
      "area": 6.7,
      "usableArea": 6.7,
      "azimuth": 109,
      "tilt": 28,
      "vertices": [
        [
          -5.685851980220177,
          84.76808859128505,
          -0.6558968287499738
        ],
        [
          -4.555282611502916,
          84.20402304641902,
          -1.0306250124776852
        ],
        [
          1.8512565024563818,
          84.2040661200881,
          3.091457589289348
        ],
        [
          0.5322586210811288,
          85.14417385868728,
          4.215650304911833
        ],
        [
          -3.801583580193691,
          84.76821372844279,
          4.028273125404667
        ]
      ],
      "yieldKwhPerSqm": 950
    },
    {
      "id": 6,
      "normal": [
        -0.5040880008883647,
        0.7351065567052392,
        -0.4533361199478141
      ],
      "area": 6.6,
      "usableArea": 6.6,
      "azimuth": 228,
      "tilt": 43,
      "vertices": [
        [
          -3.8015728160837887,
          84.20408164523542,
          1.030410110244702
        ],
        [
          -0.598292101044789,
          87.0240409579128,
          -3.6537499555925024
        ],
        [
          6.37353643007984,
          83.63992150500417,
          1.7799058749733376
        ],
        [
          6.750383136574529,
          84.76801150105894,
          2.904103642089467
        ],
        [
          1.6628291733929665,
          84.01610532030463,
          4.590389493147086
        ],
        [
          0.3438347202161104,
          83.26408399827778,
          4.590385390671145
        ],
        [
          -2.294159623897284,
          84.7681796355173,
          3.6535434799661743
        ]
      ],
      "yieldKwhPerSqm": 1025
    },
    {
      "id": 8,
      "normal": [
        0.000019030283016105037,
        0.9999999993642434,
        -0.000030155622732884
      ],
      "area": 4.6,
      "usableArea": 4.6,
      "azimuth": 148,
      "tilt": 0,
      "vertices": [
        [
          -7.193278156673186,
          81.76007243711501,
          3.27880152756552
        ],
        [
          -5.874278500662767,
          81.75999349914491,
          1.4051397174989688
        ],
        [
          0.9091212360787913,
          89.09219128079712,
          -1.967450268806715
        ],
        [
          2.4165427970135362,
          89.0921922121197,
          -0.8432436997609329
        ],
        [
          -4.555285363328293,
          81.7600440774113,
          3.8409078132754075
        ]
      ],
      "yieldKwhPerSqm": 1026
    },
    {
      "id": 9,
      "normal": [
        -0.8974684039900718,
        0.43337675188503477,
        -0.08206737942136444
      ],
      "area": 4.4,
      "usableArea": 4.4,
      "azimuth": 265,
      "tilt": 64,
      "vertices": [
        [
          -4.932152370792464,
          81.57213737256825,
          6.651405595468532
        ],
        [
          -4.555285363328293,
          81.7600440774113,
          3.8409078132754075
        ],
        [
          -0.7867325739801154,
          87.40019208751619,
          0.09357967715914128
        ],
        [
          -0.033023147597558845,
          89.09226312115788,
          -0.2811528628299129
        ],
        [
          1.8512565024563818,
          84.2040661200881,
          3.091457589289348
        ],
        [
          1.6628291733929665,
          84.01610532030463,
          4.590389493147086
        ]
      ],
      "yieldKwhPerSqm": 872
    },
    {
      "id": 11,