{
  "houseId": "b3-mahlsdorf",
  "faces": [
    {
      "id": 1,
      "normal": [
        -0.5281620875807251,
        0.844983517835388,
        0.08395036526962046
      ],
      "area": 17.3,
      "usableArea": 5.4,
      "azimuth": 279,
      "tilt": 32,
      "vertices": [
        [
          -7.688125883143,
          89.94044984225184,
          -8.567441859941027
        ],
        [
          -7.6881173407031,
          90.1295770239085,
          -10.066392111319146
        ],
        [
          3.2028683101222146,
          96.1369499694556,
          0.5947772728213749
        ],
        [
          3.955329187882528,
          98.01691762544215,
          5.841132592217036
        ],
        [
          4.331557001189724,
          98.20541880652308,
          8.83904977635757
        ],
        [
          3.767238607949041,
          97.82910352014005,
          9.213791129917809
        ],
        [
          0.7767898568114494,
          94.4316351255402,
          7.902210301061132
        ],
        [
          -0.16373416970723825,
          94.05506328679621,
          6.59061463204489
        ]
      ],
      "yieldKwhPerSqm": 845
    },
    {
      "id": 2,
      "normal": [
        -0.020609563878853758,
        0.7180798818083768,
        -0.695655467324732
      ],
      "area": 25.4,
      "usableArea": 25.4,
      "azimuth": 182,
      "tilt": 44,
      "vertices": [
        [
          -7.499964744581446,
          96.87670695595443,
          -6.506302367157332
        ],
        [
          -7.123748669198319,
          95.93730188533664,
          -7.443147349829815
        ],
        [
          0.7576099565182107,
          94.44794696383178,
          -8.754692913691542
        ],
        [
          6.965083145506144,
          94.07552780583501,
          -8.942092168803356
        ],
        [
          9.034243981905677,
          94.26490139123052,
          -8.754733113299153
        ],
        [
          9.7866708404314,
          94.82914571836591,
          -8.192628941225848
        ],
        [
          7.905505859844782,
          96.14262093603611,
          -6.150562307058863
        ],
        [
          5.648240930486866,
          98.2082439493388,
          -4.276847456309042
        ],
        [
          4.331494910612166,
          98.39535884186625,
          -4.089471923845849
        ]
      ],
      "yieldKwhPerSqm": 1097
    },
    {
      "id": 3,
      "normal": [
        0.000007630210311588358,
        0.8596377010104949,
        -0.5109041230438164
      ],
      "area": 24.4,
      "usableArea": 24.4,
      "azimuth": 180,
      "tilt": 31,
      "vertices": [
        [
          -7.687963429170265,
          98.38011706899852,
          -5.401082067011885
        ],
        [
          -7.499964744581446,
          96.87670695595443,
          -6.506302367157332
        ],
        [
          -5.618891760387994,
          94.43438310362399,
          -8.754721902503661
        ],
        [
          0.40047672096865655,
          94.4364750329405,
          -8.942065100844047
        ],
        [
          9.7866708404314,
          94.82914571836591,
          -8.192628941225848
        ],
        [
          5.648252535581053,
          98.20734256785363,
          -2.028409575304977
        ],
        [
          -0.16385684386601254,
          92.00576238147914,
          6.590646119129815
        ],
        [
          -1.1043815132301074,
          91.81732062064111,
          6.028535916277178
        ]
      ],
      "yieldKwhPerSqm": 1099
    },
    {
      "id": 6,
      "normal": [
        0.48674664480103214,
        0.8695642055817571,
        0.08328142737672874
      ],
      "area": 10.9,
      "usableArea": 7.4,
      "azimuth": 80,
      "tilt": 30,
      "vertices": [
        [
          -0.9161274341471266,
          95.93629975058138,
          -2.028394797544024
        ],
        [
          0.7574641571542475,
          96.88896501809359,
          -3.1526078146016516
        ],
        [
          7.905510545794316,
          95.57781968358904,
          -4.6516042335024395
        ],
        [
          8.657973817053646,
          94.26009055506438,
          3.5926637563788972
        ],
        [
          7.529347644390002,
          94.82320792321116,
          6.403218882431247
        ],
        [
          6.212601381905772,
          95.38627322763205,
          6.028485517756053
        ]
      ],
      "yieldKwhPerSqm": 842
    },
    {
      "id": 7,
      "normal": [
        -0.9328829938964582,
        0.34564931507739177,
        -0.10127127275447237
      ],
      "area": 25,
      "usableArea": 12.6,
      "azimuth": 264,
      "tilt": 70,
      "vertices": [
        [
          -8.440449185816176,
          90.87800226919353,
          -4.6515231041303196
        ],
        [
          -8.064344770887471,
          90.69110192917287,
          -6.506392110797606
        ],
        [
          -6.93562577120734,
          94.24695125781,
          -9.878947274486563
        ],
        [
          0.4004720879880938,
          94.99987484887242,
          -8.005218184280238
        ],
        [
          5.083924618635722,
          98.01945686060935,
          -3.3399946970930614
        ],
        [
          4.7077484735915665,
          98.2054400043562,
          4.1548019235888205
        ],
        [
          3.7672266568685178,
          97.07683602906764,
          7.527460942317703
        ],
        [
          3.3910099302580807,
          95.94857214391232,
          7.714830849592545
        ],
        [
          0.7767904653143366,
          94.05572728067636,
          8.839060296111711
        ],
        [
          0.4005805110488315,
          92.55143314599991,
          8.651683392276027
        ],
        [
          -7.4999460523552965,
          91.0641766153276,
          0.22007220545128803
        ],
        [
          -8.06425561595948,
          90.124383113347,
          -0.9041432106932916
        ],
        [
          -8.25235865663977,
          90.87683352548629,
          -2.028359126958094
        ]
      ],
      "yieldKwhPerSqm": 863
    },
    {
      "id": 8,
      "normal": [
        0.687664570945339,
        0.7216724661691153,
        0.07941214919613847
      ],
      "area": 6.9,
      "usableArea": 6.9,
      "azimuth": 83,
      "tilt": 44,
      "vertices": [
        [
          4.7077484735915665,
          98.2054400043562,
          4.1548019235888205
        ],
        [
          5.648240930486866,
          98.2082439493388,
          -4.276847456309042
        ],
        [
          6.212557319404953,
          97.64485078118742,
          -4.838960134151421
        ],
        [
          8.28171622761751,
          95.76707435119897,
          -6.5253046473553695
        ],
        [
          8.469822737241559,
          95.57920303288847,
          -6.5253064452736
        ],
        [
          8.281750877124653,
          94.82414944190532,
          1.156858159967669
        ],
        [
          6.212601381905772,
          95.38627322763205,
          6.028485517756053
        ],
        [
          5.083967208366305,
          97.82963269110769,
          5.65375752168984
        ],
        [
          4.895855122681171,
          96.51343411207199,
          5.2790153839559935
        ]
      ],
      "yieldKwhPerSqm": 852
    },
    {
      "id": 9,
      "normal": [
        0.9263951990773286,
        0.36381239285750727,
        -0.09712094485625393
      ],
      "area": 6.1,
      "usableArea": 6.1,
      "azimuth": 96,
      "tilt": 69,