{
  "houseId": "b3-mahlsdorf2",
  "faces": [
    {
      "id": 0,
      "normal": [
        0.4169258960374786,
        0.6398409031319782,
        0.6455822301555396
      ],
      "area": 62.7,
      "usableArea": 62.7,
      "azimuth": 33,
      "tilt": 50,
      "vertices": [
        [
          -2.8824567399110492,
          105.16380916070193,
          1.0393049384219921
        ],
        [
          1.0667966251371581,
          105.72260811273009,
          -1.9586224180893623
        ],
        [
          2.3832144618377242,
          105.1571500543505,
          -2.333367510444077
        ],
        [
          3.3235127399552766,
          104.2162038879469,
          -2.3333716501729214
        ],
        [
          6.144411406001836,
          100.64227179717273,
          -0.27231402343750233
        ],
        [
          7.836949595936403,
          96.50586848519742,
          2.725594271229056
        ],
        [
          4.6399354856571335,
          96.6978373657912,
          4.786674198949186
        ],
        [
          -0.4376778685377758,
          99.71102480310947,
          4.7866911275996245
        ],
        [
          -2.3182771207189035,
          103.47164570074528,
          1.9761520165702677
        ]
      ],
      "yieldKwhPerSqm": 688
    },
    {
      "id": 1,
      "normal": [
        -0.3734682396341042,
        0.624387027156187,
        -0.6860483323379354
      ],
      "area": 30.7,
      "usableArea": 29.2,
      "azimuth": 209,
      "tilt": 51,
      "vertices": [
        [
          -6.643556571577847,
          98.01984249148518,
          -4.9375639750869595
        ],
        [
          -4.574913978239692,
          98.20588747505099,
          -5.312308034139278
        ],
        [
          0.5026666259968806,
          100.4572293581441,
          -5.874434672041389
        ],
        [
          2.1951987786328573,
          103.08845923095942,
          -4.18811491571978
        ],
        [
          2.3832144618377242,
          105.1571500543505,
          -2.333367510444077
        ],
        [
          2.195155318930574,
          105.15740429982543,
          -2.14599488836393
        ],
        [
          -3.0705189450068247,
          105.16341186873615,
          -0.08491409171983832
        ],
        [
          -3.44663966541475,
          104.03570426255465,
          -0.08491632875666255
        ],
        [
          -4.575005186268299,
          101.21584591735154,
          -1.5838841723525547
        ]
      ],
      "yieldKwhPerSqm": 1064
    },
    {
      "id": 2,
      "normal": [
        -0.07930564045766324,
        0.9887342211295685,
        -0.12694587570656013
      ],
      "area": 6.2,
      "usableArea": 4.7,
      "azimuth": 212,
      "tilt": 9,
      "vertices": [
        [
          -7.019676518988035,
          94.2604162497446,
          -4.000699266536685
        ],
        [
          -0.4376275560475733,
          100.26962669100612,
          -6.99865393035725
        ],
        [
          1.442956352361307,
          100.45579515676945,
          -7.37339839872584
        ],
        [
          0.6906790245434422,
          105.15927635040134,
          -1.2091429142528796
        ],
        [
          -2.8824567399110492,
          105.16380916070193,
          1.0393049384219921
        ]
      ],
      "yieldKwhPerSqm": 1044
    },
    {
      "id": 5,
      "normal": [
        -0.6998614018533252,
        0.45530927732914767,
        0.5503521419726718
      ],
      "area": 4.5,
      "usableArea": 0,
      "azimuth": 308,
      "tilt": 63,
      "vertices": [
        [
          -6.267440173787236,
          96.70371706411242,
          -4.375449164515885
        ],
        [
          -4.95102716098836,
          97.45515687856823,
          -3.2512324813069426
        ],
        [
          -1.9421655013115924,
          98.77054769638926,
          1.039287380197493
        ],
        [
          1.0667985811473955,
          95.0103462273255,
          6.847747948741016
        ],
        [
          -0.813805357216097,
          94.63502859789878,
          4.599307971795497
        ]
      ],
      "yieldKwhPerSqm": 718
    },
    {
      "id": 7,
      "normal": [
        -0.8665007216082795,
        0.44099294718310234,
        -0.23388398830850374
      ],
      "area": 3.6,
      "usableArea": 3.6,
      "azimuth": 255,
      "tilt": 64,
      "vertices": [
        [
          -4.010735902831129,
          99.14579251874238,
          -4.562831219496729
        ],
        [
          -3.258499972185291,
          100.4611039320007,
          -4.75020758689061
        ],
        [
          -3.070438327862121,
          101.58959692250937,
          -3.438619396860304
        ],
        [
          -3.44655287127307,
          101.40246893186122,
          -2.314397724556329
        ],
        [
          -4.010733005020938,
          99.71034362073988,
          -3.4386124654920422
        ]
      ],
      "yieldKwhPerSqm": 910
    },
    {
      "id": 8,
      "normal": [
        -0.2161559690537615,
        0.49702434775247045,
        -0.8403828858226831
      ],
      "area": 6,
      "usableArea": 1.7,
      "azimuth": 194,
      "tilt": 60,
      "vertices": [
        [
          -4.198883609625682,
          102.5316601274535,
          -1.3965109654018306
        ],
        [
          -0.4376275560475733,
          100.26962669100612,
          -6.99865393035725
        ],
        [
          0.5026620890589584,
          99.51645585615188,
          -7.748133674940618
        ],
        [
          1.442956352361307,
          100.45579515676945,
          -7.37339839872584
        ],
        [
          2.1951927840586904,
          101.39549597445875,
          -6.436552806968393
        ],
        [
          2.571312861737624,
          102.71150010917336,
          -5.687075971371087
        ],
        [
          2.1951987786328573,
          103.08845923095942,
          -4.18811491571978
        ],
        [
          1.4429701389622096,
          104.7817241391167,
          -3.0638983577737235
        ],
        [
          -1.754102631018668,
          104.22139506600797,
          -1.5838827558109188
        ]
      ],
      "yieldKwhPerSqm": 1073
    },
    {
      "id": 9,
      "normal": [
        -0.4424332807330535,
        0.8621920629666677,
        0.24673394305824317
      ],
      "area": 2.9,
      "usableArea": 2.9,
      "azimuth": 299,
      "tilt": 30,
      "vertices": [
        [
          -3.446648825903594,
          94.44844806008041,
          2.350870084737835
        ],
        [
          0.1264960578287173,
          104.97147296089679,
          -1.9586248800405883
        ],
        [
          0.8787375707056526,
          105.72263246681541,
          -2.333364005877229
        ],
        [
          1.0667966251371581,
          105.72260811273009,
          -1.9586224180893623
        ],
        [
          1.0667985811473955,
          95.0103462273255,
          6.847747948741016
        ],
        [
          -0.2496228537179377,
          94.44746188353747,
          6.47300890765473
        ]
      ],
      "yieldKwhPerSqm": 772
    },
    {
      "id": 10,
      "normal": [
        -0.49446336832262977,
        0.869198351957916,
        -0.0004498229450915737
      ],
      "area": 2,
      "usableArea": 2,
      "azimuth": 270,
      "tilt": 30,