{
  "houseId": "b3-mahlsdorf2",
  "faces": [
    {
      "id": 0,
      "normal": [
        0.4169258960374786,
        0.6398409031319782,
        0.6455822301555396
      ],
      "area": 62.7,
      "usableArea": 62.7,
      "azimuth": 33,
      "tilt": 50,
      "vertices": [
        [
          -2.8824567399110492,
          105.16380916070193,
          1.0393049384219921
        ],
        [
          1.0667966251371581,
          105.72260811273009,
          -1.9586224180893623
        ],
        [
          2.3832144618377242,
          105.1571500543505,
          -2.333367510444077
        ],
        [
          3.3235127399552766,
          104.2162038879469,
          -2.3333716501729214
        ],
        [
          6.144411406001836,
          100.64227179717273,
          -0.27231402343750233
        ],
        [
          7.836949595936403,
          96.50586848519742,
          2.725594271229056
        ],
        [
          4.6399354856571335,
          96.6978373657912,
          4.786674198949186
        ],
        [
          -0.4376778685377758,
          99.71102480310947,
          4.7866911275996245
        ],
        [
          -2.3182771207189035,
          103.47164570074528,
          1.9761520165702677
        ]
      ],
      "yieldKwhPerSqm": 688
    },
    {
      "id": 1,
      "normal": [
        -0.3734682396341042,
        0.624387027156187,
        -0.6860483323379354
      ],
      "area": 30.7,
      "usableArea": 30.7,
      "azimuth": 209,
      "tilt": 51,
      "vertices": [
        [
          -6.643556571577847,
          98.01984249148518,
          -4.9375639750869595
        ],
        [
          -4.574913978239692,
          98.20588747505099,
          -5.312308034139278
        ],
        [
          0.5026666259968806,
          100.4572293581441,
          -5.874434672041389
        ],
        [
          2.1951987786328573,
          103.08845923095942,
          -4.18811491571978
        ],
        [
          2.3832144618377242,
          105.1571500543505,
          -2.333367510444077
        ],
        [
          2.195155318930574,
          105.15740429982543,
          -2.14599488836393
        ],
        [
          -3.0705189450068247,
          105.16341186873615,
          -0.08491409171983832
        ],
        [
          -3.44663966541475,
          104.03570426255465,
          -0.08491632875666255
        ],
        [
          -4.575005186268299,
          101.21584591735154,
          -1.5838841723525547
        ]
      ],
      "yieldKwhPerSqm": 1064
    },
    {
      "id": 3,
      "normal": [
        -0.6719436165077158,
        0.4554547302161531,
        0.5839972302659173
      ],
      "area": 5.5,
      "usableArea": 0,
      "azimuth": 311,
      "tilt": 63,
      "vertices": [
        [
          -6.267440173787236,
          96.70371706411242,
          -4.375449164515885
        ],
        [
          -4.95102716098836,
          97.45515687856823,
          -3.2512324813069426
        ],
        [
          -1.9421655013115924,
          98.77054769638926,
          1.039287380197493
        ],
        [
          0.5026183875620518,
          97.07812174130231,
          5.16142315442994
        ],
        [
          1.0667985811473955,
          95.0103462273255,
          6.847747948741016
        ],
        [
          -0.8138029157539677,
          96.51513413712382,
          4.599312145983276
        ]
      ],
      "yieldKwhPerSqm": 710
    },
    {
      "id": 4,
      "normal": [
        -0.46028913141861777,
        0.8614019193338333,
        0.21475718583060927
      ],
      "area": 3.6,
      "usableArea": 3.6,
      "azimuth": 295,
      "tilt": 31,
      "vertices": [
        [
          -3.446648825903594,
          94.44844806008041,
          2.350870084737835
        ],
        [
          0.5026775172323141,
          105.53466174378991,
          -3.0638995587141835
        ],
        [
          2.1952036642346684,
          105.15671574417502,
          -3.8133814635002636
        ],
        [
          2.3832625336822275,
          105.15716116689146,
          -2.3144203626798117
        ],
        [
          1.0667985811473955,
          95.0103462273255,
          6.847747948741016
        ],
        [
          -0.2496228537179377,
          94.44746188353747,
          6.47300890765473
        ]
      ],
      "yieldKwhPerSqm": 786
    },
    {
      "id": 5,
      "normal": [
        -0.8692151711505096,
        0.43491570178188654,
        -0.23518783681423508
      ],
      "area": 2.6,
      "usableArea": 2.6,
      "azimuth": 255,
      "tilt": 64,
      "vertices": [
        [
          -4.010733005020938,
          99.71034362073988,
          -3.4386124654920422
        ],
        [
          -3.258499972185291,
          100.4611039320007,
          -4.75020758689061
        ],
        [
          -3.070438327862121,
          101.58959692250937,
          -3.438619396860304
        ],
        [
          -3.44655287127307,
          101.40246893186122,
          -2.314397724556329
        ]
      ],
      "yieldKwhPerSqm": 909
    },
    {
      "id": 6,
      "normal": [
        -0.10907214434489572,
        0.9826022834579309,
        -0.15031972548959174
      ],
      "area": 2.2,
      "usableArea": 2.2,
      "azimuth": 216,
      "tilt": 11,
      "vertices": [
        [
          -7.019676518988035,
          94.2604162497446,
          -4.000699266536685
        ],
        [
          0.1264960578287173,
          104.97147296089679,
          -1.9586248800405883
        ],
        [
          0.6906790245434422,
          105.15927635040134,
          -1.2091429142528796
        ],
        [
          -2.8824567399110492,
          105.16380916070193,
          1.0393049384219921
        ]
      ],
      "yieldKwhPerSqm": 1039
    },
    {
      "id": 7,
      "normal": [
        -0.49446336832262977,
        0.869198351957916,
        -0.0004498229450915737
      ],
      "area": 2,
      "usableArea": 2,
      "azimuth": 270,
      "tilt": 30,
      "vertices": [
        [
          -3.446653625707313,
          94.44708417262882,
          -0.2723143978291773
        ],
        [
          -3.446646212263204,
          101.77847704105079,
          -2.333365931386652
        ],
        [
          -3.070527354384012,
          101.96614352520555,
          -2.333366254089924
        ],
        [
          -2.130228199891917,
          95.19900798145682,
          1.9761283353655017
        ],
        [
          -3.446648825903594,
          94.44844806008041,
          2.350870084737835
        ]
      ],
      "yieldKwhPerSqm": 879
    }
  ],
  "obstructions": [
    {
      "id": "vent-1",
      "type": "vent",
      "position": [
        0.0011252788445340796,
        97.97651695253121,
        4.432763656390307
      ],
      "radius": 0.3243072084354483
    },
    {
      "id": "dormer-2",
      "type": "dormer",
      "position": [
        -4.443110625526097,
        98.32825465814007,
        -2.2350612473589653
      ],
      "radius": 0.7768214469973963
    },
    {
      "id": "vent-3",
      "type": "vent",
      "position": [
        -3.5720228938146446,
        97.55959129240364,
        -0.7095019741334707
      ],
      "radius": 0.2
    },
    {
      "id": "vent-4",
      "type": "vent",
      "position": [
        -5.289533396760483,
        97.30505283890913,
        -3.226249134254856
      ],
      "radius": 0.2925418527117193
    }
  ],
  "modulePositions": [
    {
      "x": 1.0825502415198842,
      "y": 104.42700486196783,
      "z": -0.791099470803608,
      "faceId": 0
    },
    {
      "x": 0.24564385871583894,
      "y": 104.3171025024944,
      "z": -0.1416888319902153,
      "faceId": 0
    },
    {
      "x": -0.5912625240882063,
      "y": 104.20720014302094,
      "z": 0.5077218068231774,
      "faceId": 0
    },
    {
      "x": -1.4281689068922516,