{
  "houseId": "b3-wannsee",
  "faces": [
    {
      "id": 0,
      "normal": [
        0.025325073481059005,
        0.9996739160840182,
        0.0032714147431918083
      ],
      "area": 70.8,
      "usableArea": 62,
      "azimuth": 83,
      "tilt": 1,
      "vertices": [
        [
          -10.555735488509278,
          92.08016100805251,
          2.1411317491401856
        ],
        [
          -7.163408614898551,
          92.08071625139563,
          -1.0441080101336409
        ],
        [
          -3.582617407053229,
          92.08059270493685,
          -4.22934783925666
        ],
        [
          3.390495384839842,
          92.26504752412437,
          -5.166179327065037
        ],
        [
          6.028964848403365,
          92.0739521710202,
          -2.3556696700434254
        ],
        [
          10.55217149588886,
          92.2551486333832,
          2.684221466301096
        ],
        [
          10.929099152476073,
          92.25440507289021,
          3.2463235708382845
        ],
        [
          5.65210607022188,
          92.25613231305032,
          8.305236386364411
        ],
        [
          -6.409586292312931,
          92.26445390377192,
          6.993654838061046
        ],
        [
          -10.178809341013881,
          92.07983102370052,
          2.703233316304249
        ]
      ],
      "yieldKwhPerSqm": 815
    },
    {
      "id": 1,
      "normal": [
        -0.0375737895276481,
        0.9977510312009252,
        -0.055507567754518455
      ],
      "area": 58.4,
      "usableArea": 58.4,
      "azimuth": 214,
      "tilt": 4,
      "vertices": [
        [
          -10.178809341013881,
          92.07983102370052,
          2.703233316304249
        ],
        [
          -6.974942625354495,
          90.76556035317479,
          -3.854612419152544
        ],
        [
          0.37509571763827876,
          92.07968040183185,
          -7.789322396511123
        ],
        [
          3.390495384839842,
          92.26504752412437,
          -5.166179327065037
        ],
        [
          3.0135674065970943,
          92.26425930391996,
          -2.355671437693672
        ],
        [
          -6.7864858021200485,
          92.26697850134222,
          2.7032354043294613
        ]
      ],
      "yieldKwhPerSqm": 1030
    },
    {
      "id": 2,
      "normal": [
        0.04157034180398884,
        0.9981759560025076,
        -0.043779761771614856
      ],
      "area": 22,
      "usableArea": 22,
      "azimuth": 136,
      "tilt": 3,
      "vertices": [
        [
          -3.5826196145205613,
          92.0804047230631,
          -3.6672462762835485
        ],
        [
          -2.8287692299052,
          92.08008060790597,
          -3.66724522062941
        ],
        [
          3.0135674065970943,
          92.26425930391996,
          -2.355671437693672
        ],
        [
          8.667531943327294,
          92.25703719910233,
          2.684220090737653
        ],
        [
          1.882828047062749,
          92.44955786783247,
          4.557885179059666
        ],
        [
          -1.1326110191582566,
          92.45279496908186,
          2.141138719158334
        ]
      ],
      "yieldKwhPerSqm": 1007
    },
    {
      "id": 3,
      "normal": [
        -0.05469587608759254,
        0.9984915026101873,
        0.004804201729837586
      ],
      "area": 8.3,
      "usableArea": 8.3,
      "azimuth": 275,
      "tilt": 3,
      "vertices": [
        [
          -10.17886143884946,
          92.079836002551,
          2.6842049809602027
        ],
        [
          -3.5826196145205613,
          92.0804047230631,
          -3.6672462762835485
        ],
        [
          3.0135674065970943,
          92.26425930391996,
          -2.355671437693672
        ],
        [
          -1.5095196088948148,
          92.45271558221428,
          2.6842135705483083
        ],
        [
          -3.5826246064095613,
          92.26471517328172,
          4.557882189979863
        ],
        [
          -6.409586292312931,
          92.26445390377192,
          6.993654838061046
        ]
      ],
      "yieldKwhPerSqm": 828
    },
    {
      "id": 5,
      "normal": [
        0.36957644312275173,
        0.8583434033630827,
        0.35589303813339174
      ],
      "area": 7.8,
      "usableArea": 7.8,
      "azimuth": 46,
      "tilt": 31,
      "vertices": [
        [
          -10.555731721309463,
          90.3887806618586,
          0.45483111566500145
        ],
        [
          -7.163406513951238,
          89.07201955560593,
          0.26747009367318236
        ],
        [
          -0.3787363945445842,
          91.32400984410195,
          2.6842119407338028
        ],
        [
          -3.582625786511679,
          90.94730440434067,
          6.806284845570188
        ],
        [
          -9.613421677349585,
          89.25973217003046,
          2.328506591959012
        ]
      ],
      "yieldKwhPerSqm": 727
    },
    {
      "id": 6,
      "normal": [
        0.0284984425013493,
        0.9668672184755859,
        -0.2536840960964658
      ],
      "area": 7.6,
      "usableArea": 5.9,
      "azimuth": 174,
      "tilt": 15,
      "vertices": [
        [
          -6.786479388217892,
          90.57801453303544,
          -5.728284854678349
        ],
        [
          -3.9595419513932284,
          90.57704757247119,
          -5.54091469548075
        ],
        [
          10.175138936640241,
          92.0677377944812,
          2.328514974327845
        ],
        [
          8.667435367737443,
          92.25702989380805,
          2.7032465746124212
        ],
        [
          2.2597130306824242,
          92.45036994200198,
          2.7032420241703217
        ]
      ],
      "yieldKwhPerSqm": 1085
    },
    {
      "id": 7,
      "normal": [
        0.49920721880481483,
        0.6977489749209115,
        0.5137494726907066
      ],
      "area": 4.6,
      "usableArea": 4.6,
      "azimuth": 44,
      "tilt": 46,
      "vertices": [
        [
          -3.5826268517118733,
          92.07649117987602,
          4.932615870839071
        ],
        [
          -3.5826171143851098,
          90.20082032773642,
          -5.353545814523385
        ],
        [
          -3.5826158537235897,
          90.57700038980691,
          -5.915649087404744
        ],
        [
          -3.0172293729553785,
          90.57701706793158,
          -6.852483695609406
        ],
        [
          -1.5095267465510267,
          89.63623218517749,
          -6.66511263302891
        ],
        [
          -0.3787363945445842,
          91.32400984410195,
          2.6842119407338028
        ],
        [
          -0.37876073128402743,
          91.32400320656596,
          2.7032431291845564
        ]
      ],
      "yieldKwhPerSqm": 718
    },
    {
      "id": 8,
      "normal": [
        0.5667271103530965,
        0.38015636886690296,
        0.7309593132321116
      ],
      "area": 3.9,
      "usableArea": 3.9,
      "azimuth": 38,
      "tilt": 68,
      "vertices": [
        [
          -6.7865145692773945,
          90.94816275779156,
          7.55575259658144
        ],
        [
          -6.409585231652934,
          91.51253209728746,
          6.806283892827194
        ],
        [
          -3.5826246064095613,
          92.26471517328172,
          4.557882189979863
        ],
        [
          -0.3787363945445842,
          91.32400984410195,
          2.6842119407338028
        ],
        [
          -4.7134085239083365,
          90.76026799716054,
          6.056815081970852
        ]
      ],
      "yieldKwhPerSqm": 671
    },
    {
      "id": 9,
      "normal": [
        -0.7276748547545706,
        0.36991354611129673,
        0.5776272796200678
      ],
      "area": 3.5,
      "usableArea": 3.5,
      "azimuth": 308,
      "tilt": 68,