{
  "houseId": "b3-wannsee2",
  "faces": [
    {
      "id": 0,
      "normal": [
        -0.5592647250941678,
        0.7424735708552044,
        -0.36872206856501916
      ],
      "area": 97.89681766918248,
      "usableArea": 97.89681766918248,
      "azimuth": 303.3967815425515,
      "tilt": 42.057445679263004,
      "vertices": [
        [
          -3.022071846906301,
          58.950978974397955,
          6.272567552537469
        ],
        [
          3.640952090017186,
          58.951045846837125,
          -3.833539233700579
        ],
        [
          -0.7800947170439714,
          54.1593774001871,
          -6.776546303990976
        ],
        [
          -5.957089368233252,
          54.20494753107775,
          1.1674997890938004
        ],
        [
          -7.063585923564994,
          54.213589777325794,
          2.8631974013916905
        ],
        [
          -6.96385894616007,
          54.323265053953264,
          2.932781556658419
        ],
        [
          -7.2961966485703815,
          54.32509368112683,
          3.440541946083639
        ]
      ],
      "yieldKwhPerSqm": 1100
    },
    {
      "id": 1,
      "normal": [
        0.5619213505147992,
        0.7395835497772548,
        0.3704869346340018
      ],
      "area": 99.20773223287786,
      "usableArea": 99.20773223287786,
      "azimuth": 123.3977309347374,
      "tilt": 42.304047523011626,
      "vertices": [
        [
          3.588324345636115,
          53.93324421003392,
          7.068845461659656
        ],
        [
          5.597626683598197,
          53.94037027248161,
          4.007090522793071
        ],
        [
          5.387645948394804,
          54.1693224308006,
          3.8685253350035116
        ],
        [
          8.371478113365784,
          54.18296468189095,
          -0.6843169561954343
        ],
        [
          4.011063423247839,
          58.95007134153822,
          -3.5871549607137583
        ],
        [
          -2.6515200006555903,
          58.95003842769182,
          6.518119660414771
        ],
        [
          1.6461644200029526,
          54.25795404554404,
          9.366338290588212
        ],
        [
          1.9663164474832997,
          54.25641152859765,
          8.883839657621312
        ],
        [
          2.065500477143715,
          54.15161127253965,
          8.942613448168535
        ],
        [
          3.3873932802667874,
          54.15541172412703,
          6.930098374245519
        ]
      ],
      "yieldKwhPerSqm": 1100
    }
  ],
  "obstructions": [
    {
      "id": "vent-1",
      "type": "vent",
      "position": [
        -39.19742133151307,
        88.68223013151437,
        -31.95374558867722
      ],
      "radius": 0.2
    },
    {
      "id": "vent-2",
      "type": "vent",
      "position": [
        -39.12517454786336,
        86.99460710794663,
        -31.007566349947105
      ],
      "radius": 0.27353156305134124
    },
    {
      "id": "dormer-3",
      "type": "dormer",
      "position": [
        -39.20366760161175,
        86.75669406036226,
        -35.02030871121436
      ],
      "radius": 0.6565323569730479
    },
    {
      "id": "vent-4",
      "type": "vent",
      "position": [
        -39.62774874383229,
        88.2740489654243,
        -31.460363524788892
      ],
      "radius": 0.23285855693869084
    },
    {
      "id": "dormer-5",
      "type": "dormer",
      "position": [
        -33.28945500981184,
        86.4920297767967,
        -39.50369019631797
      ],
      "radius": 1.2671600457162937
    },
    {
      "id": "dormer-6",
      "type": "dormer",
      "position": [
        -27.6663112655991,
        86.45074198858288,
        -33.024038298132204
      ],
      "radius": 0.8944948506405754
    },
    {
      "id": "vent-7",
      "type": "vent",
      "position": [
        -28.869586043539268,
        86.54004838679815,
        -34.343639531448495
      ],
      "radius": 0.25212291596501707
    },
    {
      "id": "dormer-8",
      "type": "dormer",
      "position": [
        -31.654626721911615,
        87.38994187602981,
        -37.17497560807856
      ],
      "radius": 0.42343540089239945
    },
    {
      "id": "chimney-9",
      "type": "chimney",
      "position": [
        -32.73305519120917,
        86.62781017436646,
        -38.283575882764126
      ],
      "radius": 0.3919652657920606
    },
    {
      "id": "dormer-10",
      "type": "dormer",
      "position": [
        -31.31958174842443,
        86.61276372397938,
        -36.2381321024009
      ],
      "radius": 0.36574652973755406
    },
    {
      "id": "vent-11",
      "type": "vent",
      "position": [
        -37.24578900971638,
        86.41627402303533,
        -28.618607312509592
      ],
      "radius": 0.2532801524136353
    }
  ],
  "modulePositions": [
    {
      "x": -5.105717939339296,
      "y": 55.57649228090338,
      "z": 2.6379670219541165,
      "faceId": 0
    },
    {
      "x": -4.519500451614827,
      "y": 55.57649816438717,
      "z": 1.7488247065448252,
      "faceId": 0
    },
    {
      "x": -3.933282963890357,
      "y": 55.576504047870955,
      "z": 0.8596823911355336,
      "faceId": 0
    },
    {
      "x": -3.3470654761658873,
      "y": 55.576509931354735,
      "z": -0.02945992427375721,
      "faceId": 0
    },
    {
      "x": -2.760847988441418,
      "y": 55.57651581483852,
      "z": -0.9186022396830484,
      "faceId": 0
    },
    {
      "x": -2.174630500716949,
      "y": 55.5765216983223,
      "z": -1.8077445550923397,
      "faceId": 0
    },
    {
      "x": -1.5884130129924796,
      "y": 55.57652758180609,
      "z": -2.696886870501631,
      "faceId": 0
    },
    {
      "x": -1.0021955252680095,
      "y": 55.57653346528988,
      "z": -3.586029185910922,
      "faceId": 0
    },
    {
      "x": -0.41597803754354024,
      "y": 55.57653934877366,
      "z": -4.4751715013202125,
      "faceId": 0
    },
    {
      "x": -3.92858311441477,
      "y": 56.84858558758148,
      "z": 3.4140683188572223,
      "faceId": 0
    },
    {
      "x": -3.3423656266903006,
      "y": 56.84859147106527,
      "z": 2.524926003447931,
      "faceId": 0
    },
    {
      "x": -2.7561481389658304,
      "y": 56.84859735454906,
      "z": 1.6357836880386394,
      "faceId": 0
    },
    {
      "x": -2.169930651241361,
      "y": 56.84860323803284,
      "z": 0.7466413726293486,
      "faceId": 0
    },
    {
      "x": -1.5837131635168917,
      "y": 56.848609121516624,
      "z": -0.14250094277994263,
      "faceId": 0
    },
    {
      "x": -0.9974956757924225,
      "y": 56.848615005000404,
      "z": -1.0316432581892339,
      "faceId": 0
    },
    {
      "x": -0.41127818806795324,
      "y": 56.84862088848419,
      "z": -1.920785573598525,
      "faceId": 0
    },
    {
      "x": 0.1749392996565169,
      "y": 56.84862677196798,
      "z": -2.8099278890078163,
      "faceId": 0
    },
    {
      "x": 0.7611567873809861,
      "y": 56.84863265545176,
      "z": -3.6990702044171067,
      "faceId": 0
    },
    {
      "x": -0.1326832116976031,
      "y": 57.32165673928555,
      "z": 5.948426532417299,
      "faceId": 1
    },
    {
      "x": 0.4516400080041878,
      "y": 57.32372906243701,
      "z": 5.05804061586533,
      "faceId": 1
    },
    {
      "x": 1.0359632277059787,
      "y": 57.32580138558846,
      "z": 4.167654699313362,
      "faceId": 1
    },
    {
      "x": 1.62028644740777,
      "y": 57.327873708739915,
      "z": 3.2772687827613933,
      "faceId": 1
    },
    {
      "x": 2.2046096671095605,
      "y": 57.329946031891375,
      "z": 2.3868828662094255,
      "faceId": 1
    },
    {
      "x": 2.788932886811352,
      "y": 57.33201835504283,
      "z": 1.4964969496574572,
      "faceId": 1
    },
    {
      "x": 3.3732561065131432,
      "y": 57.33409067819428,
      "z": 0.6061110331054889,
      "faceId": 1
    },
    {
      "x": 3.9575793262149337,