{
  "houseId": "b3-zehlendorf",
  "faces": [
    {
      "id": 1,
      "normal": [
        -0.46062498111198785,
        0.44940581009221,
        0.7654142960717061
      ],
      "area": 18.1,
      "usableArea": 18.1,
      "azimuth": 329,
      "tilt": 63,
      "vertices": [
        [
          -8.085361027950432,
          82.84847165178508,
          0.5477579466059979
        ],
        [
          -7.520258881710482,
          84.16453922726214,
          0.3603898884721275
        ],
        [
          0.3911826297640685,
          93.00089015904814,
          -0.014340094105136814
        ],
        [
          3.970169784291636,
          93.56491794902831,
          1.8593358473845
        ],
        [
          -1.4924890495371193,
          82.09646184463054,
          4.669844471569377
        ],
        [
          -3.3761678110808253,
          81.72042941767722,
          3.5456393027670856
        ]
      ],
      "yieldKwhPerSqm": 666
    },
    {
      "id": 2,
      "normal": [
        0.41971048907782926,
        0.6582059881940557,
        -0.6249863858225522
      ],
      "area": 16.1,
      "usableArea": 10,
      "azimuth": 146,
      "tilt": 49,
      "vertices": [
        [
          -1.6808499197708557,
          90.93262829445302,
          -5.635351339169574
        ],
        [
          1.3330356963211556,
          89.80452349595726,
          -4.885872938950342
        ],
        [
          2.6516104334965234,
          89.61650714185089,
          -4.511136875302327
        ],
        [
          5.100383003964077,
          89.24067761190236,
          2.6088143267661508
        ],
        [
          4.158537650736968,
          91.87284216377884,
          2.608809656183439
        ],
        [
          0.7679175223689411,
          93.56489720847458,
          -0.38907255958838505
        ],
        [
          -1.115755852288578,
          93.00081800762564,
          -3.0122127354152326
        ]
      ],
      "yieldKwhPerSqm": 1056
    },
    {
      "id": 3,
      "normal": [
        -0.887389637344809,
        0.45320841145221025,
        -0.08450897775983561
      ],
      "area": 7.2,
      "usableArea": 7.2,
      "azimuth": 265,
      "tilt": 63,
      "vertices": [
        [
          -5.448216959927243,
          90.5568029852584,
          -1.3259152498103504
        ],
        [
          -4.694744025799458,
          91.49676221143454,
          -3.7616860142916266
        ],
        [
          5.665492890891607,
          87.73652186989784,
          0.3604100641787227
        ],
        [
          6.230591931054357,
          88.86458965670317,
          0.9225108159698721
        ],
        [
          5.8538447693223015,
          92.8129102056846,
          3.920378492864984
        ],
        [
          1.5213883738266185,
          84.91659312043339,
          5.606681736371684
        ],
        [
          -2.4343326977454245,
          84.54061038419604,
          4.857208192068356
        ]
      ],
      "yieldKwhPerSqm": 875
    },
    {
      "id": 4,
      "normal": [
        -0.5683466624830998,
        0.6376821675777965,
        -0.5199456937004139
      ],
      "area": 11.3,
      "usableArea": 8.8,
      "azimuth": 228,
      "tilt": 50,
      "vertices": [
        [
          -7.8970048123505086,
          89.80486896913499,
          0.7351168861605402
        ],
        [
          -3.7528994151856865,
          90.36863921675831,
          -5.073249677941931
        ],
        [
          -2.4343254755716885,
          91.30865715723485,
          -5.260617410578561
        ],
        [
          -0.17391323039774997,
          93.56477427016944,
          -4.698513369356078
        ],
        [
          5.28873829662333,
          92.624939144589,
          4.857212494778651
        ],
        [
          2.839959086175065,
          91.87296599522233,
          5.7940436994649644
        ]
      ],
      "yieldKwhPerSqm": 1020
    },
    {
      "id": 6,
      "normal": [
        -0.3099541946226155,
        0.9065845880129636,
        0.2864136554237782
      ],
      "area": 5.6,
      "usableArea": 5.6,
      "azimuth": 313,
      "tilt": 25,
      "vertices": [
        [
          -6.390061464719486,
          89.6168525768444,
          1.4845883550115104
        ],
        [
          6.042226270562957,
          89.24055250547826,
          -0.951158392988873
        ],
        [
          7.360795745649363,
          89.05260608159006,
          1.8593473706387158
        ],
        [
          6.607323652505863,
          88.48861342016608,
          2.608816791045683
        ],
        [
          -0.36228933101521105,
          90.74487058352679,
          2.983534973765927
        ],
        [
          -4.506383705162455,
          89.80487747769803,
          2.7961619991801854
        ]
      ],
      "yieldKwhPerSqm": 727
    },
    {
      "id": 7,
      "normal": [
        0.06682041708296219,
        0.997581160792127,
        0.019153576519576918
      ],
      "area": 5.5,
      "usableArea": 5.5,
      "azimuth": 74,
      "tilt": 4,
      "vertices": [
        [
          -2.6227040565339963,
          93.5649436255917,
          -0.7638133613399987
        ],
        [
          -2.43433048061562,
          93.56486609298736,
          -2.8248481068767433
        ],
        [
          -0.550640528183442,
          86.42033539619297,
          -6.0100756360225205
        ],
        [
          3.405090488749545,
          86.23225047718734,
          -6.197436482925696
        ],
        [
          2.4632449030410384,
          86.232332136482,
          -4.323767227400822
        ],
        [
          -0.7390238743741181,
          93.37688715104014,
          -1.138542493154091
        ]
      ],
      "yieldKwhPerSqm": 788
    },
    {
      "id": 8,
      "normal": [
        0.33074028748848017,
        0.7808134798536341,
        -0.5300388400022173
      ],
      "area": 5.4,
      "usableArea": 5.4,
      "azimuth": 148,
      "tilt": 39,
      "vertices": [
        [
          -2.43433048061562,
          93.56486609298736,
          -2.8248481068767433
        ],
        [
          -1.8692285149358328,
          92.81278888322413,
          -3.761682432890666
        ],
        [
          3.028344096872013,
          89.61652733106166,
          -3.761667873524857
        ],
        [
          5.85385624472982,
          87.7365688206628,
          2.0467165202826436
        ],
        [
          4.158546042884688,
          88.30063441954553,
          2.04670803639965
        ]
      ],
      "yieldKwhPerSqm": 1066
    },
    {
      "id": 9,
      "normal": [
        -0.4498238850775502,
        0.822255120899215,
        0.348647369943839
      ],
      "area": 5.1,
      "usableArea": 5.1,
      "azimuth": 308,
      "tilt": 35,
      "vertices": [
        [
          -6.578429023828369,
          90.74488880485296,
          0.3603854567736562
        ],
        [
          -4.129646186693583,
          92.6249142056331,
          -0.7638142055839126
        ],
        [
          -2.6227040565339963,
          93.5649436255917,
          -0.7638133613399987
        ],
        [
          4.723640671838063,
          91.49685603380203,
          3.9203798274502333
        ],
        [
          1.709751942334685,
          89.8048371328041,
          4.85720928963201
        ]
      ],
      "yieldKwhPerSqm": 745
    },
    {
      "id": 10,
      "normal": [
        -0.3177113773935584,
        0.9396394498619617,
        -0.12703222007742035
      ],
      "area": 4.6,
      "usableArea": 1.8,
      "azimuth": 248,
      "tilt": 20,