{
  "houseId": "b4-friedenau",
  "faces": [
    {
      "id": 3,
      "normal": [
        0.33785855216206506,
        0.9411781417312142,
        0.0059417386623636164
      ],
      "area": 12,
      "usableArea": 10,
      "azimuth": 89,
      "tilt": 20,
      "vertices": [
        [
          -3.8886825508580176,
          89.43970196880399,
          -0.4232436276615771
        ],
        [
          -2.947554438133036,
          89.06355878524481,
          -3.6085004473679865
        ],
        [
          4.769765059007088,
          87.55934130959211,
          -2.8590522862614303
        ],
        [
          5.710903933979327,
          87.18334290757774,
          -1.7348473288693635
        ],
        [
          6.087363015985803,
          86.99537535198031,
          0.3261976332760241
        ],
        [
          6.275596937755809,
          86.99543262831865,
          2.3872460063903413
        ],
        [
          -0.5005818678673928,
          87.37166923470794,
          5.010415722372271
        ],
        [
          -3.1357640151309414,
          89.43980544060467,
          3.3241121971404928
        ]
      ],
      "yieldKwhPerSqm": 869
    },
    {
      "id": 4,
      "normal": [
        -0.08814368477600677,
        0.9470487538781385,
        0.30875451188925657
      ],
      "area": 7.4,
      "usableArea": 0,
      "azimuth": 344,
      "tilt": 19,
      "vertices": [
        [
          -6.335509252143334,
          87.37151470780371,
          -4.526480516196897
        ],
        [
          -5.582611074312832,
          88.123432835564,
          -7.337005495803167
        ],
        [
          4.205090701239871,
          87.74745414033531,
          0.326203326916584
        ],
        [
          6.275596937755809,
          86.99543262831865,
          2.3872460063903413
        ],
        [
          0.06409509073452883,
          86.99558498430996,
          3.13673452682633
        ]
      ],
      "yieldKwhPerSqm": 660
    },
    {
      "id": 5,
      "normal": [
        -0.0904910889502517,
        0.9943737004906451,
        -0.055066383512432926
      ],
      "area": 7.4,
      "usableArea": 7.4,
      "azimuth": 239,
      "tilt": 6,
      "vertices": [
        [
          -6.900326003311443,
          87.18362404219805,
          -0.6106086901963862
        ],
        [
          -6.33565167930467,
          87.3715091338381,
          -4.545337126368394
        ],
        [
          -5.018056929917317,
          87.55952953267841,
          -3.4211318197303617
        ],
        [
          -4.076908524837587,
          87.55966720357536,
          1.6377987365594886
        ],
        [
          -6.335633220374826,
          87.37174322642385,
          2.949378558190801
        ]
      ],
      "yieldKwhPerSqm": 967
    },
    {
      "id": 6,
      "normal": [
        -0.10604737440501989,
        0.9878097066799564,
        0.11395585886938928
      ],
      "area": 7.2,
      "usableArea": 7.2,
      "azimuth": 317,
      "tilt": 9,
      "vertices": [
        [
          -7.088538688598442,
          87.18379377201198,
          5.01043142819617
        ],
        [
          -6.33565167930467,
          87.3715091338381,
          -4.545337126368394
        ],
        [
          -4.453379382253867,
          87.74749289080499,
          -4.54534095922645
        ],
        [
          -3.324010977512468,
          89.62757240142672,
          -4.545338740816077
        ],
        [
          2.3228194841740075,
          89.62757007963954,
          -0.7979954008587808
        ],
        [
          -5.394493032587003,
          87.371768922545,
          4.635690632963814
        ]
      ],
      "yieldKwhPerSqm": 697
    },
    {
      "id": 8,
      "normal": [
        0.03195627626971178,
        0.7716181185715414,
        -0.6352828311068138
      ],
      "area": 16.3,
      "usableArea": 16.3,
      "azimuth": 177,
      "tilt": 40,
      "vertices": [
        [
          -1.4417334835652833,
          89.81559399887918,
          -3.046399115362873
        ],
        [
          -0.3123781644881344,
          86.9953790269792,
          -4.170618855638167
        ],
        [
          2.322875520689169,
          85.86720198579131,
          -5.838072431517502
        ],
        [
          5.710898211584182,
          87.18325070943682,
          -4.357999598851165
        ],
        [
          5.710906448317448,
          84.92728024348615,
          0.7009305183200921
        ],
        [
          4.205090646990331,
          85.4913795897737,
          1.6377736891045056
        ],
        [
          -0.6888201697638829,
          89.62760474532841,
          -1.3600901106947274
        ],
        [
          -1.2535015845114936,
          90.56767052412032,
          -1.7348223223925738
        ]
      ],
      "yieldKwhPerSqm": 1099
    },
    {
      "id": 9,
      "normal": [
        0.008602670609437589,
        0.9998592724289826,
        -0.014402409387695854
      ],
      "area": 6.2,
      "usableArea": 6.2,
      "azimuth": 149,
      "tilt": 1,
      "vertices": [
        [
          -4.07691865809286,
          89.43960050959139,
          -3.7958640756660307
        ],
        [
          2.69927050337171,
          89.62753529846667,
          -1.7348350009524434
        ],
        [
          4.393318955795595,
          89.62753121741115,
          -0.7979990260319025
        ],
        [
          -3.5122264414003683,
          81.35544802062212,
          6.696719534917063
        ],
        [
          -4.076901950165872,
          89.43979647476225,
          2.7620107822476707
        ]
      ],
      "yieldKwhPerSqm": 1031
    },
    {
      "id": 10,
      "normal": [
        0.86579653604026,
        0.4862422386299258,
        0.11817293917325226
      ],
      "area": 5.9,
      "usableArea": 0,
      "azimuth": 82,
      "tilt": 61,
      "vertices": [
        [
          -3.324010977512468,
          89.62757240142672,
          -4.545338740816077
        ],
        [
          1.9464249378160927,
          87.3712805341929,
          -6.4001830245942966
        ],
        [
          6.4638053008911545,
          81.54303533397614,
          -0.61065479438912
        ],
        [
          6.275581834381201,
          81.16707019414751,
          1.0756550289115692
        ],
        [
          4.393323013218807,
          86.80747193284331,
          2.5746173236875616
        ],
        [
          -1.2534958260275995,
          90.00371606275438,
          1.0756941505132998
        ],
        [
          -3.32400263658749,
          89.43966378271578,
          -0.9853486416504891
        ]
      ],
      "yieldKwhPerSqm": 828
    },
    {
      "id": 11,
      "normal": [
        0.10576893939141845,
        0.9921481972930656,
        0.06674493290231641
      ],
      "area": 5.8,
      "usableArea": 5.8,
      "azimuth": 58,
      "tilt": 7,