{
  "houseId": "b4-mariendorf",
  "faces": [
    {
      "id": 1,
      "normal": [
        0.06140653987446461,
        0.9483598803441501,
        0.3111957168957744
      ],
      "area": 33.6,
      "usableArea": 33.6,
      "azimuth": 11,
      "tilt": 18,
      "vertices": [
        [
          -10.282510276143325,
          86.29000919591635,
          2.080903667247185
        ],
        [
          7.046762113617846,
          99.99535118788481,
          -7.287471957748494
        ],
        [
          9.11873984771792,
          99.80730463005602,
          -7.287466937454155
        ],
        [
          10.625629323227445,
          96.04721157904714,
          -2.790631677267811
        ],
        [
          12.132389609511124,
          91.74197198264301,
          2.8304219271412876
        ],
        [
          11.755667880801598,
          91.55398510675877,
          3.5798879687099543
        ],
        [
          -1.4295847581977754,
          91.36631167214364,
          7.139835297817626
        ],
        [
          -6.326959220766908,
          91.36641720030457,
          8.076662190946081
        ],
        [
          -8.58728749859601,
          91.36645705997944,
          8.264022233186552
        ],
        [
          -10.09415268195316,
          86.10202076565474,
          2.8303723812459793
        ]
      ],
      "yieldKwhPerSqm": 655
    },
    {
      "id": 2,
      "normal": [
        -0.16972795346971611,
        0.7877048766033354,
        -0.5922106459582654
      ],
      "area": 86.2,
      "usableArea": 79.1,
      "azimuth": 196,
      "tilt": 38,
      "vertices": [
        [
          -11.224314690874776,
          91.93019974697381,
          -2.2285342870854947
        ],
        [
          -0.2993849231441305,
          90.04976665228605,
          -6.7253242780097935
        ],
        [
          3.6561892399751783,
          90.04967462923378,
          -7.662150817701331
        ],
        [
          8.74201824927714,
          94.5431144842878,
          -4.289582216890267
        ],
        [
          10.625629323227445,
          96.04721157904714,
          -2.790631677267811
        ],
        [
          1.7726232614788426,
          96.04743787553161,
          -0.3548652704448614
        ],
        [
          -8.210547410026079,
          96.04765557963401,
          1.5187948143466201
        ],
        [
          -9.9057996002537,
          94.91960366908461,
          0.9566868471338239
        ],
        [
          -10.659238263340553,
          93.4343301653862,
          -0.3548622026683006
        ]
      ],
      "yieldKwhPerSqm": 1091
    },
    {
      "id": 3,
      "normal": [
        0.0032978144378491185,
        0.9999804634412232,
        -0.005310099416210552
      ],
      "area": 26.9,
      "usableArea": 2.4,
      "azimuth": 148,
      "tilt": 0,
      "vertices": [
        [
          -10.659241956965884,
          93.4154886836186,
          -0.5422587974571798
        ],
        [
          0.45405814894020696,
          89.67367859836668,
          -8.598992829920462
        ],
        [
          5.35142581297096,
          93.43388130702078,
          -6.5379434244350705
        ],
        [
          11.19059022159327,
          93.43401729408652,
          0.7693843135966745
        ],
        [
          -4.0666270613017295,
          92.87035852856934,
          4.704058371240535
        ],
        [
          -8.964005778152382,
          93.43449616711587,
          5.6408871619387355
        ],
        [
          -9.340726363779863,
          93.43447625823319,
          4.7040480167961505
        ]
      ],
      "yieldKwhPerSqm": 1028
    },
    {
      "id": 6,
      "normal": [
        -0.19001619490989785,
        0.5848300304524581,
        -0.7885858743047207
      ],
      "area": 12.8,
      "usableArea": 12.8,
      "azimuth": 194,
      "tilt": 54,
      "vertices": [
        [
          -11.224314690874776,
          91.93019974697381,
          -2.2285342870854947
        ],
        [
          4.409622578690873,
          92.30584298539907,
          -5.7884773288496945
        ],
        [
          5.16314717432961,
          93.41506838519126,
          -5.413799679150543
        ],
        [
          5.351508122212366,
          93.97911239694804,
          -4.851694978086016
        ],
        [
          -0.8644401656509176,
          96.04749096278101,
          -0.16750210641112062
        ],
        [
          -3.8782288018426656,
          96.04755602125078,
          0.5819639509900298
        ],
        [
          -8.210547410026079,
          96.04765557963401,
          1.5187948143466201
        ]
      ],
      "yieldKwhPerSqm": 1081
    },
    {
      "id": 10,
      "normal": [
        -0.8709635471426852,
        0.4689701465242135,
        -0.1465929780640573
      ],
      "area": 4.6,
      "usableArea": 4.6,
      "azimuth": 260,
      "tilt": 62,
      "vertices": [
        [
          -10.470880211521758,
          93.41550052259117,
          0.019845489634462865
        ],
        [
          -10.470879340618735,
          93.41548740398139,
          -0.3548920203575108
        ],
        [
          -0.4877413612137348,
          87.04157210234553,
          -7.662161255964747
        ],
        [
          0.07733513291005188,
          88.54567802604288,
          -6.725324893148354
        ],
        [
          -0.29939178419753765,
          90.23781861457974,
          -5.413755318393669
        ],
        [
          -8.210559268672837,
          87.60623726528138,
          8.264021434111783
        ],
        [
          -9.340722585520593,
          86.1022126628086,
          9.38821927992467
        ]
      ],
      "yieldKwhPerSqm": 892
    },
    {
      "id": 11,
      "normal": [
        0.24535833703344503,
        0.8969614425791707,
        0.36777636815662257
      ],
      "area": 4.1,
      "usableArea": 4.1,
      "azimuth": 34,
      "tilt": 26,
      "vertices": [
        [
          -1.2412209515039607,
          92.6823008293286,
          4.7040649393929925
        ],
        [
          -0.2994151678447411,
          93.24626088049263,
          2.8303982473335054
        ],
        [
          4.78632462599326,
          93.4341498548165,
          1.8935717784224835
        ],
        [
          7.800093404757903,
          92.11806881893426,
          3.205144998839387
        ]
      ],
      "yieldKwhPerSqm": 694
    },
    {
      "id": 12,
      "normal": [
        -0.04802510492612461,
        0.97135598500274,
        -0.23272545992261226
      ],
      "area": 4,
      "usableArea": 2.4,
      "azimuth": 192,
      "tilt": 14,
      "vertices": [
        [
          -10.094152801977357,
          92.87025129329413,
          -1.6664312386528763
        ],
        [
          -9.717431226121148,
          92.68222220893949,
          -2.228534235397092
        ],
        [
          0.45405814894020696,
          89.67367859836668,
          -8.598992829920462
        ],
        [
          3.6561892399751783,
          90.04967462923378,
          -7.662150817701331
        ],
        [
          0.8307517260966092,
          92.11823884304613,
          4.704069560615608
        ],
        [
          -1.6179410992934167,
          92.30631113052368,
          5.453533818701544
        ]
      ],
      "yieldKwhPerSqm": 1080
    }
  ],
  "obstructions": [
    {
      "id": "dormer-1",
      "type": "dormer",
      "position": [
        -9.021401349713557,
        91.57187887263439,
        4.557723108683665
      ],
      "radius": 1.2716736855549524
    },
    {
      "id": "dormer-2",
      "type": "dormer",
      "position": [
        -10.064859657721062,
        93.26492469329386,
        1.3876334814038676
      ],
      "radius": 1.6566824977437813
    },
    {
      "id": "dormer-3",
      "type": "dormer",