{
  "houseId": "b4-pankow",
  "faces": [
    {
      "id": 0,
      "normal": [
        -0.5390879627841568,
        0.8213802146954413,
        0.18632957706198505
      ],
      "area": 30.8,
      "usableArea": 30.8,
      "azimuth": 289,
      "tilt": 35,
      "vertices": [
        [
          -2.5050924471557354,
          90.00790000054985,
          0.03809160914897802
        ],
        [
          -1.1905807411508846,
          91.51190956681967,
          -2.2103602947790932
        ],
        [
          1.0628732956269544,
          92.63994257990271,
          -1.2735092580442142
        ],
        [
          1.8140265069691253,
          92.45195428002626,
          0.7875711423221219
        ],
        [
          0.31173203350266177,
          90.75999209936708,
          5.284475838660001
        ],
        [
          -1.002779516272827,
          89.44399253558367,
          7.532928290205746
        ],
        [
          -1.5661534804363018,
          80.98354991804808,
          7.907660644395946
        ],
        [
          -1.7539307234088173,
          88.69197509717196,
          7.907669885909854
        ],
        [
          -2.317307327871791,
          81.17152468394488,
          5.284469146641641
        ]
      ],
      "yieldKwhPerSqm": 808
    },
    {
      "id": 1,
      "normal": [
        -0.27560197990983903,
        0.9591682914577181,
        0.0635589280263505
      ],
      "area": 8.1,
      "usableArea": 8.1,
      "azimuth": 283,
      "tilt": 16,
      "vertices": [
        [
          -5.321912811368352,
          89.81989169679582,
          -2.9598391993094992
        ],
        [
          -2.505095868602044,
          90.38387126661837,
          -2.5851028590586793
        ],
        [
          -2.317300301974288,
          89.25592346955091,
          3.223397651581763
        ],
        [
          -2.317307327871791,
          81.17152468394488,
          5.284469146641641
        ],
        [
          -3.631822797467581,
          80.79551900457591,
          4.347614726411848
        ]
      ],
      "yieldKwhPerSqm": 819
    },
    {
      "id": 3,
      "normal": [
        0.051304025475136995,
        0.9962683663937226,
        -0.06940633323573107
      ],
      "area": 6.9,
      "usableArea": 6.9,
      "azimuth": 144,
      "tilt": 5,
      "vertices": [
        [
          -5.321917962280682,
          82.67554641980678,
          -0.8987682378974569
        ],
        [
          -4.946345699366762,
          82.2994823884219,
          -2.585108669114561
        ],
        [
          -1.0027989915084305,
          91.13583174999803,
          -5.020925960143359
        ],
        [
          0.8750765864992303,
          91.13578531239182,
          -5.395672690228821
        ],
        [
          5.945352727200256,
          90.57177404128015,
          1.162303808505385
        ],
        [
          6.696508649622442,
          93.01591129321605,
          2.4739035758066166
        ],
        [
          6.320935842350477,
          93.0159471211955,
          3.598130938491522
        ],
        [
          4.443063662389645,
          93.01602239627391,
          5.2844718740198005
        ],
        [
          3.8796989133137996,
          93.01602515764534,
          5.097102642419486
        ]
      ],
      "yieldKwhPerSqm": 1027
    },
    {
      "id": 5,
      "normal": [
        0.49669182038825155,
        0.8667180241876565,
        -0.04579412743627444
      ],
      "area": 6.2,
      "usableArea": 6.2,
      "azimuth": 95,
      "tilt": 30,
      "vertices": [
        [
          1.8140203626848546,
          91.32382411137223,
          -2.7724790965330612
        ],
        [
          4.818621651737371,
          89.81969208363444,
          -1.648261055455805
        ],
        [
          6.320922887886295,
          88.87964366097003,
          -0.1492962661322963
        ],
        [
          3.3163239680019925,
          90.75981684215367,
          -0.14928933709234116
        ]
      ],
      "yieldKwhPerSqm": 899
    },
    {
      "id": 6,
      "normal": [
        0.2779678032515997,
        0.9080389688134755,
        0.3133674065240995
      ],
      "area": 6.1,
      "usableArea": 6.1,
      "azimuth": 42,
      "tilt": 25,
      "vertices": [
        [
          -5.321917962280682,
          82.67554641980678,
          -0.8987682378974569
        ],
        [
          -4.382975243844672,
          89.44383996818215,
          -3.521953193110676
        ],
        [
          -2.5051028765715873,
          89.44375579152256,
          -5.583038885717542
        ],
        [
          4.067479636405946,
          91.51188880484551,
          2.2865356173242617
        ],
        [
          1.8140338768739042,
          90.94796871766448,
          5.471844833704381
        ]
      ],
      "yieldKwhPerSqm": 712
    },
    {
      "id": 7,
      "normal": [
        -0.6958385970827589,
        0.6859187634145117,
        0.21289456734685608
      ],
      "area": 11.7,
      "usableArea": 11.7,
      "azimuth": 287,
      "tilt": 47,
      "vertices": [
        [
          -6.448644091838619,
          88.69180566165596,
          -5.583033477993013
        ],
        [
          -1.1905807411508846,
          91.51190956681967,
          -2.2103602947790932
        ],
        [
          1.8140265069691253,
          92.45195428002626,
          0.7875711423221219
        ],
        [
          1.6262424344917548,
          92.07599284965545,
          3.036023368487804
        ],
        [
          0.31173203350266177,
          90.75999209936708,
          5.284475838660001
        ],
        [
          -1.002779516272827,
          89.44399253558367,
          7.532928290205746
        ],
        [
          -1.5661431836175015,
          88.69197046663612,
          7.9076701117555785
        ]
      ],
      "yieldKwhPerSqm": 811
    },
    {
      "id": 8,
      "normal": [
        -0.17725259854624142,
        0.7133071117086559,
        -0.6780667228927106
      ],
      "area": 8.6,
      "usableArea": 8.6,
      "azimuth": 195,
      "tilt": 44,
      "vertices": [
        [
          -5.321912811368352,
          89.81989169679582,
          -2.9598391993094992
        ],
        [
          -1.941739175350054,
          88.87973274569958,
          -4.833557339024992
        ],
        [
          0.4994980221403551,
          89.06767663825303,
          -5.583048227814288
        ],
        [
          3.5040973293384323,
          89.06758947297931,
          -6.332534225297422
        ],
        [
          2.3773776417387436,
          90.38372844737023,
          -4.45882015872121
        ],
        [
          -1.1905807411508846,
          91.51190956681967,
          -2.2103602947790932
        ]
      ],
      "yieldKwhPerSqm": 1090
    },
    {
      "id": 9,
      "normal": [
        0.5274372992458921,
        0.8047345159452329,
        -0.27241926182006826
      ],
      "area": 5.4,
      "usableArea": 5.4,
      "azimuth": 117,
      "tilt": 36,
      "vertices": [
        [
          0.8750765864992303,
          91.13578531239182,
          -5.395672690228821
        ],
        [
          2.3773776417387436,
          90.38372844737023,
          -4.45882015872121
        ],
        [
          4.818621651737371,
          89.81969208363444,
          -1.648261055455805
        ],
        [
          1.8140203626848546,
          91.32382411137223,
          -2.7724790965330612
        ]
      ],
      "yieldKwhPerSqm": 981
    },
    {
      "id": 10,
      "normal": [
        -0.09108171028390678,
        0.994184008907044,
        0.057465454712178884
      ],
      "area": 5.2,
      "usableArea": 5.2,
      "azimuth": 302,
      "tilt": 6,