{
  "houseId": "b4-steglitz2",
  "faces": [
    {
      "id": 0,
      "normal": [
        0.48687715068571236,
        0.6340499525882086,
        0.6007755801986733
      ],
      "area": 81.4,
      "usableArea": 73,
      "azimuth": 39,
      "tilt": 51,
      "vertices": [
        [
          -4.063854696798899,
          97.56938928924501,
          4.297073004057893
        ],
        [
          6.290567118104718,
          97.56893658265471,
          -3.7597772327826533
        ],
        [
          9.490946633637122,
          91.00750040542334,
          0.9244085282443848
        ],
        [
          2.3370245271485146,
          91.00780409853905,
          6.545439229103067
        ],
        [
          -1.0516753623837758,
          91.19593540765345,
          8.41911001805056
        ],
        [
          -2.1812336230527762,
          93.80922906473279,
          6.920240369847306
        ]
      ],
      "yieldKwhPerSqm": 701
    },
    {
      "id": 1,
      "normal": [
        0.0007183005858086245,
        0.999999741494198,
        -0.0000324931581533787
      ],
      "area": 25.2,
      "usableArea": 12.9,
      "azimuth": 93,
      "tilt": 0,
      "vertices": [
        [
          -6.134720360149458,
          93.45191705040634,
          1.1117640889606264
        ],
        [
          -2.369493791937657,
          91.19553905818611,
          -4.69663118409153
        ],
        [
          -0.8634004614891637,
          87.24723539315164,
          -6.1955684607492
        ],
        [
          -0.29862121002452113,
          91.19544292613864,
          -6.382938167324028
        ],
        [
          3.4665981916600686,
          93.45148085802794,
          -6.945042740797362
        ],
        [
          4.21964301181788,
          93.45147856138647,
          -6.5703066459500405
        ],
        [
          7.79660013086459,
          93.45158431492746,
          -1.51137452736657
        ],
        [
          7.984860320471398,
          93.45158954709768,
          -0.9492684851975355
        ],
        [
          3.65489471670071,
          93.43299509771168,
          3.7349742671831336
        ],
        [
          -1.9929813725052554,
          93.45203642267734,
          7.107533466292807
        ],
        [
          -4.063854696798899,
          97.56938928924501,
          4.297073004057893
        ]
      ],
      "yieldKwhPerSqm": 850
    },
    {
      "id": 2,
      "normal": [
        -0.5195354478520772,
        0.568370725850766,
        -0.6379950128496421
      ],
      "area": 40.7,
      "usableArea": 4.5,
      "azimuth": 219,
      "tilt": 55,
      "vertices": [
        [
          -8.20558681477496,
          87.99964585900307,
          1.1117679660565045
        ],
        [
          -7.640804437093266,
          91.00774799473584,
          -0.7619128569604072
        ],
        [
          0.4544251259771954,
          90.81937361136079,
          -7.507144160346797
        ],
        [
          2.7135566275223937,
          91.3833316937089,
          -8.256614641995839
        ],
        [
          5.537520391529597,
          97.56893772818148,
          -4.134517955371848
        ],
        [
          -3.6873287034563873,
          97.56935219280422,
          3.734966187959799
        ]
      ],
      "yieldKwhPerSqm": 1038
    },
    {
      "id": 3,
      "normal": [
        -0.4032401560852952,
        0.7634029075816217,
        -0.504592288106183
      ],
      "area": 31,
      "usableArea": 31,
      "azimuth": 219,
      "tilt": 40,
      "vertices": [
        [
          -7.640804437093266,
          91.00774799473584,
          -0.7619128569604072
        ],
        [
          -4.4403649204055,
          91.00759619660676,
          -3.572428144292644
        ],
        [
          0.4544251259771954,
          90.81937361136079,
          -7.507144160346797
        ],
        [
          2.7135566275223937,
          91.3833316937089,
          -8.256614641995839
        ],
        [
          5.537520391529597,
          97.56893772818148,
          -4.134517955371848
        ],
        [
          -3.687329537804999,
          97.38134127669036,
          3.547597172891983
        ],
        [
          -5.381686849274502,
          95.31321533955634,
          2.236016369646677
        ]
      ],
      "yieldKwhPerSqm": 1050
    },
    {
      "id": 4,
      "normal": [
        -0.4604550609191871,
        0.7875818409902631,
        0.4095069970297159
      ],
      "area": 8,
      "usableArea": 8,
      "azimuth": 312,
      "tilt": 38,
      "vertices": [
        [
          -6.699499678902157,
          89.50367348082364,
          0.36229553934026626
        ],
        [
          -3.6873247715288926,
          89.12774304673076,
          4.297020952439198
        ],
        [
          -0.8634118776412834,
          88.93980479612947,
          8.044376964437106
        ],
        [
          -1.8047172877581943,
          87.99978157877922,
          8.60648286178548
        ],
        [
          -3.6873260092565943,
          87.811733732,
          6.7328040844186035
        ]
      ],
      "yieldKwhPerSqm": 733
    },
    {
      "id": 5,
      "normal": [
        0.24530537474716066,
        0.9239902990415576,
        0.29337211932501
      ],
      "area": 7.5,
      "usableArea": 7.5,
      "azimuth": 40,
      "tilt": 22,
      "vertices": [
        [
          0.8309609122929942,
          94.93711551930755,
          3.172865370510408
        ],
        [
          4.407944742253221,
          94.9369499348104,
          0.36233840299610165
        ],
        [
          4.784467979113742,
          94.18497114162892,
          2.236026434449741
        ],
        [
          3.46663047316315,
          93.99704238492996,
          4.109711909888574
        ]
      ],
      "yieldKwhPerSqm": 706
    },
    {
      "id": 9,
      "normal": [
        0.7000201636861677,
        0.49255252281799633,
        -0.5170723186348486
      ],
      "area": 4.7,
      "usableArea": 4.7,
      "azimuth": 126,
      "tilt": 60,
      "vertices": [
        [
          4.407902930176988,
          93.26347792521119,
          -6.195569312443695
        ],
        [
          4.596164235042579,
          93.0754621848464,
          -6.195568802544585
        ],
        [
          8.17312273593916,
          92.69953283295035,
          -1.5113716402665887
        ],
        [
          7.79660013086459,
          93.45158431492746,
          -1.51137452736657
        ],
        [
          5.537521975825712,
          93.80872718524188,
          -4.13451296068888
        ]
      ],
      "yieldKwhPerSqm": 989
    },
    {
      "id": 10,
      "normal": [
        0.04364121392956149,
        0.9959291646838135,
        0.07887042144527426
      ],
      "area": 4,
      "usableArea": 4,
      "azimuth": 29,
      "tilt": 5,