{
  "houseId": "b4-steglitz",
  "faces": [
    {
      "id": 0,
      "normal": [
        -0.21037883287246906,
        0.6588066196367071,
        -0.722298127231459
      ],
      "area": 76.74340481807992,
      "usableArea": 76.74340481807992,
      "azimuth": 343.7611044389176,
      "tilt": 48.791077790396386,
      "vertices": [
        [
          5.2304910514027565,
          62.32932835384843,
          -1.7655747831285582
        ],
        [
          4.122358926329614,
          57.79698237202135,
          -5.576760065750796
        ],
        [
          -6.433545494956805,
          57.80840570628511,
          -2.491794819010209
        ],
        [
          -5.329336633376359,
          62.32928425069105,
          1.310073739900638
        ]
      ],
      "yieldKwhPerSqm": 1100
    },
    {
      "id": 1,
      "normal": [
        0.2110027990512791,
        0.6562738460409103,
        0.7244187033720191
      ],
      "area": 76.22389000041792,
      "usableArea": 76.22389000041792,
      "azimuth": 163.76064363256248,
      "tilt": 48.9836895755431,
      "vertices": [
        [
          -5.2192374624673805,
          62.32869087868032,
          1.6889549163534925
        ],
        [
          -5.190293910976548,
          62.2094977115768,
          1.7885053386190752
        ],
        [
          -4.040031571248782,
          62.2107227673154,
          1.4523564453981845
        ],
        [
          -2.963676241271723,
          57.78322172847018,
          5.149857814766634
        ],
        [
          -0.5663176488042396,
          57.78113158778155,
          4.4534681904740285
        ],
        [
          -0.26199050712609495,
          56.515878846962735,
          5.511058780202573
        ],
        [
          2.8039846743416774,
          56.51272108306833,
          4.6208871374027565
        ],
        [
          2.4985692319099,
          57.77762811548112,
          3.563926727276605
        ],
        [
          6.4470684160829705,
          57.77285275200487,
          2.418166092033636
        ],
        [
          5.340639940616056,
          62.32860301371872,
          -1.3867608483573048
        ]
      ],
      "yieldKwhPerSqm": 1100
    }
  ],
  "obstructions": [
    {
      "id": "dormer-1",
      "type": "dormer",
      "position": [
        -5.917138398334098,
        95.42159424186165,
        -2.0884556902851426
      ],
      "radius": 0.7664612438207967
    },
    {
      "id": "vent-2",
      "type": "vent",
      "position": [
        -3.799978960904524,
        98.76196505181078,
        0.7762102217962416
      ],
      "radius": 0.2
    },
    {
      "id": "chimney-3",
      "type": "chimney",
      "position": [
        -1.3522677099657383,
        94.27068691648957,
        4.669321575795038
      ],
      "radius": 0.3906935234189533
    },
    {
      "id": "dormer-4",
      "type": "dormer",
      "position": [
        -1.2324565062645705,
        111.43066864359108,
        -2.9295342620599985
      ],
      "radius": 0.5348515489413331
    },
    {
      "id": "dormer-5",
      "type": "dormer",
      "position": [
        -3.015458563608038,
        93.62894575636213,
        3.672091246647809
      ],
      "radius": 0.6621670163492483
    },
    {
      "id": "dormer-6",
      "type": "dormer",
      "position": [
        -6.302598924077773,
        95.64139348474178,
        -4.069351390196971
      ],
      "radius": 0.5895853239500405
    },
    {
      "id": "dormer-7",
      "type": "dormer",
      "position": [
        2.661017341132062,
        95.011856213281,
        -6.163357320416119
      ],
      "radius": 0.9550539987548191
    },
    {
      "id": "dormer-8",
      "type": "dormer",
      "position": [
        4.699033975762059,
        95.42440077346855,
        -6.192847853412079
      ],
      "radius": 0.4657470047771944
    },
    {
      "id": "vent-9",
      "type": "vent",
      "position": [
        5.2795788286368435,
        97.13218398650902,
        -5.261209751041558
      ],
      "radius": 0.21234960951151594
    }
  ],
  "modulePositions": [
    {
      "x": -3.5995766620403815,
      "y": 60.90979422137612,
      "z": -0.4884555138293485,
      "faceId": 0
    },
    {
      "x": -3.7954684616905645,
      "y": 60.10858163045084,
      "z": -1.1621837876702341,
      "faceId": 0
    },
    {
      "x": -3.9913602613407475,
      "y": 59.30736903952557,
      "z": -1.8359120615111197,
      "faceId": 0
    },
    {
      "x": -4.1872520609909305,
      "y": 58.506156448600294,
      "z": -2.5096403353520054,
      "faceId": 0
    },
    {
      "x": -1.7762317511427863,
      "y": 60.91023266373805,
      "z": -1.0191288066113935,
      "faceId": 0
    },
    {
      "x": -1.9721235507929693,
      "y": 60.109020072812775,
      "z": -1.6928570804522791,
      "faceId": 0
    },
    {
      "x": -2.1680153504431523,
      "y": 59.3078074818875,
      "z": -2.3665853542931647,
      "faceId": 0
    },
    {
      "x": -2.3639071500933353,
      "y": 58.506594890962226,
      "z": -3.0403136281340504,
      "faceId": 0
    },
    {
      "x": 0.04711315975480801,
      "y": 60.91067110609998,
      "z": -1.5498020993934383,
      "faceId": 0
    },
    {
      "x": -0.148778639895375,
      "y": 60.10945851517471,
      "z": -2.2235303732343237,
      "faceId": 0
    },
    {
      "x": -0.344670439545558,
      "y": 59.308245924249434,
      "z": -2.8972586470752093,
      "faceId": 0
    },
    {
      "x": -0.540562239195741,
      "y": 58.50703333332416,
      "z": -3.570986920916095,
      "faceId": 0
    },
    {
      "x": 1.8704580706524023,
      "y": 60.911109548461916,
      "z": -2.080475392175483,
      "faceId": 0
    },
    {
      "x": 1.6745662710022193,
      "y": 60.10989695753664,
      "z": -2.7542036660163687,
      "faceId": 0
    },
    {
      "x": 1.4786744713520363,
      "y": 59.30868436661137,
      "z": -3.4279319398572543,
      "faceId": 0
    },
    {
      "x": 1.2827826717018533,
      "y": 58.50747177568609,
      "z": -4.10166021369814,
      "faceId": 0
    },
    {
      "x": 3.6094647172774996,
      "y": 60.904963971799546,
      "z": 0.407201512274296,
      "faceId": 1
    },
    {
      "x": 3.8045939814997762,
      "y": 60.101397242796075,
      "z": 1.0783423933735894,
      "faceId": 1
    },
    {
      "x": 3.999723245722052,
      "y": 59.297830513792604,
      "z": 1.7494832744728837,
      "faceId": 1
    },
    {
      "x": 4.194852509944329,
      "y": 58.49426378478913,
      "z": 2.420624155572177,
      "faceId": 1
    },
    {
      "x": 1.7861198516892811,
      "y": 60.90542279140389,
      "z": 0.9378749435082849,
      "faceId": 1
    },
    {
      "x": 1.9812491159115577,
      "y": 60.10185606240042,
      "z": 1.6090158246075783,
      "faceId": 1
    },
    {
      "x": 2.1763783801338334,
      "y": 59.29828933339695,
      "z": 2.2801567057068723,
      "faceId": 1
    },
    {
      "x": 2.37150764435611,
      "y": 58.49472260439348,
      "z": 2.9512975868061657,
      "faceId": 1
    },
    {
      "x": -0.03722501389893651,
      "y": 60.90588161100825,
      "z": 1.4685483747422738,
      "faceId": 1
    },
    {
      "x": 0.1579042503233401,
      "y": 60.10231488200478,
      "z": 2.139689255841567,
      "faceId": 1
    },
    {
      "x": 0.3530335145456158,
      "y": 59.298748153001306,
      "z": 2.8108301369408615,
      "faceId": 1
    },
    {
      "x": 0.5481627787678924,
      "y": 58.495181423997835,
      "z": 3.481971018040155,
      "faceId": 1
    },
    {
      "x": 0.743292042990169,
      "y": 57.691614694994364,
      "z": 4.153111899139447,
      "faceId": 1
    },
    {
      "x": -1.8605698794871541,
      "y": 60.906340430612595,
      "z": 1.9992218059762625,
      "faceId": 1
    },
    {
      "x": -1.6654406152648775,
      "y": 60.102773701609124,
      "z": 2.670362687075556,