{
  "houseId": "bench-berlin2",
  "faces": [
    {
      "id": 0,
      "normal": [
        -0.009695274992461823,
        0.9999390844670828,
        0.005275319701484039
      ],
      "area": 52.8,
      "usableArea": 18.4,
      "azimuth": 299,
      "tilt": 1,
      "vertices": [
        [
          -7.731009716915099,
          76.57809230685234,
          0.8830989491616492
        ],
        [
          -7.354935652275702,
          76.76810223795474,
          -2.676914300354838
        ],
        [
          -1.9018692170988227,
          76.76966526545584,
          -6.23692617337656
        ],
        [
          5.995672108906189,
          76.5821584193036,
          -7.173771848487377
        ],
        [
          6.935854729099998,
          76.58036015368998,
          -4.175866089346528
        ],
        [
          8.064074847565832,
          76.57775148469955,
          0.695732319210947
        ],
        [
          7.87603781332528,
          76.57763070333749,
          0.8831019484860008
        ],
        [
          -0.9616881559390034,
          76.19885185547173,
          5.942068399344862
        ],
        [
          -4.7224231984486265,
          76.01066672615707,
          6.878910958250344
        ]
      ],
      "yieldKwhPerSqm": 736
    },
    {
      "id": 1,
      "normal": [
        0.0079963409020924,
        0.999967876477582,
        0.0005518560434911561
      ],
      "area": 49,
      "usableArea": 49,
      "azimuth": 86,
      "tilt": 0,
      "vertices": [
        [
          -6.60278911532568,
          76.5779194617644,
          0.8830976648678188
        ],
        [
          -6.038677388268655,
          76.57933427579701,
          -1.7400681470098789
        ],
        [
          -1.9018692170988227,
          76.76966526545584,
          -6.23692617337656
        ],
        [
          0.35457101762095283,
          76.581518788822,
          -6.236925618773967
        ],
        [
          2.7990480213871765,
          74.5085336714983,
          2.1946850250897114
        ],
        [
          -0.5856162352041732,
          76.19891844969243,
          5.7546978499231045
        ],
        [
          -0.9616881559390034,
          76.19885185547173,
          5.942068399344862
        ],
        [
          -3.9702760392587093,
          76.57540534809232,
          5.192588252895803
        ]
      ],
      "yieldKwhPerSqm": 826
    },
    {
      "id": 2,
      "normal": [
        0.07592741655431472,
        0.9965712977619889,
        -0.03287363521688372
      ],
      "area": 9.5,
      "usableArea": 9.5,
      "azimuth": 113,
      "tilt": 5,
      "vertices": [
        [
          -7.354935652275702,
          76.76810223795474,
          -2.676914300354838
        ],
        [
          -6.038677388268655,
          76.57933427579701,
          -1.7400681470098789
        ],
        [
          -3.9702760392587093,
          76.57540534809232,
          5.192588252895803
        ],
        [
          -6.790827347130647,
          76.76337989605963,
          5.942066118535877
        ]
      ],
      "yieldKwhPerSqm": 937
    },
    {
      "id": 3,
      "normal": [
        0.06616997418573767,
        0.9465618111067767,
        0.31566164206396313
      ],
      "area": 4.3,
      "usableArea": 2.8,
      "azimuth": 12,
      "tilt": 19,
      "vertices": [
        [
          -4.7224231984486265,
          76.01066672615707,
          6.878910958250344
        ],
        [
          -3.9702760392587093,
          76.57540534809232,
          5.192588252895803
        ],
        [
          1.2947531855412369,
          74.69682172872126,
          1.6325776338999276
        ],
        [
          2.6110081563916596,
          74.69691830128431,
          1.445209739213169
        ],
        [
          4.115304065237621,
          74.32056527491659,
          2.194684677706391
        ],
        [
          -1.337761472377127,
          74.13066267222166,
          6.129437546660483
        ],
        [
          -2.654019377475737,
          74.13056158088148,
          6.504175360729278
        ]
      ],
      "yieldKwhPerSqm": 656
    },
    {
      "id": 4,
      "normal": [
        -0.10564908479201546,
        0.9556300912873783,
        -0.2749716340073767
      ],
      "area": 3.3,
      "usableArea": 3.3,
      "azimuth": 201,
      "tilt": 17,
      "vertices": [
        [
          3.739229520268606,
          76.76525738462806,
          1.0704710138452356
        ],
        [
          7.688001577344591,
          78.08341805636883,
          -2.302172554707795
        ],
        [
          8.628182988332453,
          78.27141565270722,
          -2.114803291442513
        ],
        [
          8.252110270734745,
          78.45877011679113,
          -0.9905884471299942
        ],
        [
          7.68800221541697,
          86.16673200391233,
          -0.24111108161014272
        ],
        [
          5.9956699137788805,
          76.95320507884026,
          1.4452075189401512
        ]
      ],
      "yieldKwhPerSqm": 1075
    },
    {
      "id": 5,
      "normal": [
        -0.26832590328881367,
        0.9189739483291133,
        -0.2889430599904462
      ],
      "area": 2.6,
      "usableArea": 2.6,
      "azimuth": 223,
      "tilt": 23,
      "vertices": [
        [
          3.363157160880843,
          82.59356911852956,
          1.0704713100058143
        ],
        [
          5.431559667524749,
          83.72303964942694,
          -1.3653272772717173
        ],
        [
          5.995670762912238,
          83.72328180074692,
          -1.7400642028587754
        ],
        [
          6.183707643484564,
          84.28670488204807,
          -0.6158507210711832
        ],
        [
          6.3717419437112826,
          86.54186086170375,
          1.257842308790714
        ],
        [
          5.619594754602628,
          86.54151554685086,
          1.8199459784154897
        ],
        [
          3.927264343549365,
          83.15686087310314,
          2.569425183297426
        ]
      ],
      "yieldKwhPerSqm": 1037
    },
    {
      "id": 7,
      "normal": [
        -0.3812453850119748,
        0.9228239474438085,
        0.055207956231852665
      ],
      "area": 3.6,
      "usableArea": 0.7,
      "azimuth": 278,
      "tilt": 23,
      "vertices": [
        [
          -0.9616892980897258,
          76.57707702089101,
          1.4452073797074263
        ],
        [
          -0.9616872706004809,
          76.57718244381249,
          1.2578373131764238
        ],
        [
          5.995672108906189,
          76.5821584193036,
          -7.173771848487377
        ],
        [
          7.12389051362207,
          76.7690643593669,
          -5.300081163695722
        ],
        [
          8.06407246314721,
          87.48254884313792,
          0.32099619083601283
        ],
        [
          8.064073816591742,
          87.48187234066427,
          1.6325806076129084
        ],
        [
          0.3545682908248697,
          78.26781902648509,
          4.06837381231162
        ],
        [
          -0.5856160962042789,
          77.89181713201106,
          4.0683744199996
        ],
        [
          -0.9616877566344495,
          76.57698680181056,
          1.6325761163097923
        ]
      ],
      "yieldKwhPerSqm": 845
    },
    {
      "id": 8,
      "normal": [
        -0.7237818167810071,
        0.5587380318049731,
        -0.40490948804873605
      ],
      "area": 3.3,
      "usableArea": 3.3,
      "azimuth": 241,
      "tilt": 56,