{
  "houseId": "bench-meerbusch",
  "faces": [
    {
      "id": 0,
      "normal": [
        -0.049902439282514435,
        0.9981433405197389,
        0.03492303437204961
      ],
      "area": 15.8,
      "usableArea": 15.8,
      "azimuth": 305,
      "tilt": 3,
      "vertices": [
        [
          -6.54845274329341,
          88.28168124891818,
          -0.4781452003408049
        ],
        [
          -5.19485682006848,
          88.48320918902755,
          -2.0222103908199642
        ],
        [
          7.567603369162725,
          88.352308800444,
          -0.4781252476859663
        ],
        [
          6.987488570775213,
          88.34862216189504,
          1.0659412219647493
        ],
        [
          0.7996208210599889,
          88.50860771164298,
          5.6981294224497105
        ],
        [
          -2.294306330405334,
          88.4940104978159,
          3.3820264101486828
        ]
      ],
      "yieldKwhPerSqm": 721
    },
    {
      "id": 1,
      "normal": [
        -0.5746264055074559,
        0.4691377732083967,
        0.6706073693620193
      ],
      "area": 15.8,
      "usableArea": 9.5,
      "azimuth": 319,
      "tilt": 62,
      "vertices": [
        [
          -7.902041510992376,
          86.16309647448361,
          -1.4431874407928262
        ],
        [
          -7.902041005458841,
          87.70185462664813,
          -3.7592878249015484
        ],
        [
          -7.128559049357818,
          88.85850520245731,
          -3.952298175125179
        ],
        [
          2.926698634203831,
          88.51931156031787,
          5.31211363472903
        ],
        [
          4.860401400458841,
          88.71925665438175,
          7.242203484707716
        ],
        [
          4.473659320420893,
          87.75744308158755,
          7.628218424459192
        ],
        [
          1.7664756090155151,
          86.78524350002408,
          6.470167408650013
        ],
        [
          -0.16723019626147106,
          86.00814795680344,
          5.505123289254698
        ],
        [
          -5.581597636068864,
          85.98242419119924,
          0.6799064320039179
        ]
      ],
      "yieldKwhPerSqm": 690
    },
    {
      "id": 2,
      "normal": [
        -0.47937540328446326,
        0.6702289240241623,
        0.5665619225885835
      ],
      "area": 10.9,
      "usableArea": 10.9,
      "azimuth": 320,
      "tilt": 48,
      "vertices": [
        [
          -7.9020426737486105,
          86.54799363948405,
          -2.2152210581589316
        ],
        [
          -7.902041005458841,
          87.70185462664813,
          -3.7592878249015484
        ],
        [
          -7.128559547964642,
          89.24352436885238,
          -4.724332325207797
        ],
        [
          2.926698634203831,
          88.51931156031787,
          5.31211363472903
        ],
        [
          3.893551896420149,
          87.37098919786513,
          7.242202032775822
        ],
        [
          2.9266935498228577,
          86.21419604308903,
          8.014233794947359
        ],
        [
          2.1532159429982585,
          86.21063245180994,
          7.62821738929415
        ],
        [
          -0.16723019626147106,
          86.00814795680344,
          5.505123289254698
        ],
        [
          -4.808120611088043,
          88.0979607058689,
          1.2589300544459547
        ],
        [
          -6.54845274329341,
          88.28168124891818,
          -0.4781452003408049
        ]
      ],
      "yieldKwhPerSqm": 706
    },
    {
      "id": 3,
      "normal": [
        0.08254872345751649,
        0.9914310301539083,
        -0.10124337362758447
      ],
      "area": 8.7,
      "usableArea": 8.7,
      "azimuth": 141,
      "tilt": 8,
      "vertices": [
        [
          -0.1672120655064191,
          88.51467004418373,
          -5.882371001458523
        ],
        [
          3.5068230945973937,
          88.33812457229942,
          -4.145289857453463
        ],
        [
          4.667047491216408,
          88.53410841524601,
          -2.987238331745175
        ],
        [
          5.44052313207726,
          88.72648303955793,
          0.2939036227289762
        ],
        [
          4.086928381969528,
          88.72140680998564,
          -0.8641478890094731
        ],
        [
          1.3797437321402413,
          88.71120448224247,
          -3.3732605693403457
        ]
      ],
      "yieldKwhPerSqm": 1026
    },
    {
      "id": 4,
      "normal": [
        0.4878759505515638,
        0.6582527102925664,
        -0.5733065726693691
      ],
      "area": 8.3,
      "usableArea": 8.3,
      "azimuth": 140,
      "tilt": 49,
      "vertices": [
        [
          -3.4545157949548866,
          90.41719509195536,
          -5.689367995644716
        ],
        [
          -3.4545095880391727,
          87.92553636059165,
          -8.391480693640915
        ],
        [
          -2.6810273698872606,
          87.54534082114697,
          -8.198471303610859
        ],
        [
          9.30793584706339,
          86.8220988754183,
          1.4519644989159133
        ],
        [
          8.921191085165674,
          87.77958333864808,
          2.6100097530979838
        ],
        [
          8.727820847277371,
          88.35445614717901,
          2.996026901946607
        ],
        [
          7.567598324362962,
          89.11769094876945,
          2.803014193614217
        ]
      ],
      "yieldKwhPerSqm": 1042
    },
    {
      "id": 5,
      "normal": [
        0.2324606155034918,
        0.9684039594746044,
        0.09030965349089998
      ],
      "area": 4.1,
      "usableArea": 4.1,
      "azimuth": 69,
      "tilt": 14,
      "vertices": [
        [
          0.7996208210599889,
          88.50860771164298,
          5.6981294224497105
        ],
        [
          0.9929975543993805,
          88.70309673063457,
          3.3820303645443346
        ],
        [
          6.794122725411626,
          88.54170252103359,
          -1.250160760293511
        ],
        [
          6.987488113088375,
          88.34907621704042,
          0.486915597179177
        ],
        [
          6.987488570775213,
          88.34862216189504,
          1.0659412219647493
        ],
        [
          2.3465874900350627,
          88.13234022073448,
          5.698132412460836
        ],
        [
          1.1863621590084676,
          88.31824127677828,
          6.277156261214259
        ]
      ],
      "yieldKwhPerSqm": 786
    },
    {
      "id": 6,
      "normal": [
        -0.31856654911127585,
        0.8779869700504254,
        0.3572873272437836
      ],
      "area": 4.8,
      "usableArea": 4.8,
      "azimuth": 318,
      "tilt": 29,
      "vertices": [
        [
          -7.902043096103398,
          85.97066503204405,
          -1.0571699380416248
        ],
        [
          -7.902041510992376,
          86.16309647448361,
          -1.4431874407928262
        ],
        [
          -5.19485682006848,
          88.48320918902755,
          -2.0222103908199642
        ],
        [
          -4.034633628289839,
          88.87318953778595,
          -1.6361939246307884
        ],
        [
          0.9929975543993805,
          88.70309673063457,
          3.3820303645443346
        ],
        [
          2.926698634203831,
          88.51931156031787,
          5.31211363472903
        ],
        [
          2.9266935498228577,
          86.21419604308903,
          8.014233794947359
        ],
        [
          2.1532159429982585,
          86.21063245180994,
          7.62821738929415
        ],
        [
          -6.35507928500806,
          85.97811692766845,
          0.48690004316085833
        ]
      ],
      "yieldKwhPerSqm": 715
    },
    {
      "id": 9,