{
  "houseId": "bench-koeln1",
  "faces": [
    {
      "id": 0,
      "normal": [
        -0.012780744814527768,
        0.9998372524550775,
        -0.012732680985082801
      ],
      "area": 47.8,
      "usableArea": 42.9,
      "azimuth": 225,
      "tilt": 1,
      "vertices": [
        [
          -7.514265047207919,
          100.7041928358376,
          -3.513832482487487
        ],
        [
          -7.319733163745587,
          97.81350075080991,
          -3.9037552322042757
        ],
        [
          -6.541204506294781,
          100.70453864708543,
          -4.4886776646380895
        ],
        [
          -2.0652610176438255,
          97.81575099006295,
          -7.023227995239722
        ],
        [
          -1.6759180793268398,
          97.79646894522011,
          -7.2182310055723065
        ],
        [
          0.07545201096592698,
          97.8168064840138,
          -7.998059571233171
        ],
        [
          2.5856781250369014,
          97.81825190782547,
          -7.218191906322318
        ],
        [
          5.504763820386978,
          100.51725321356207,
          1.7503626719335443
        ],
        [
          5.115659907522167,
          97.82053068093956,
          4.6748804208109505
        ],
        [
          4.142617299108787,
          97.8200885206461,
          5.844695031664742
        ],
        [
          3.9480088424207853,
          97.81999874673784,
          6.039666510674579
        ],
        [
          2.0019200969874134,
          97.81906485557556,
          7.4044550750622875
        ],
        [
          1.028875312073177,
          97.81860901974142,
          7.989365117180569
        ],
        [
          0.6592050629588984,
          97.81838119216263,
          7.599428113106114
        ]
      ],
      "yieldKwhPerSqm": 998
    },
    {
      "id": 1,
      "normal": [
        0.05972744727987271,
        0.9941675486135971,
        0.08979708973603183
      ],
      "area": 28,
      "usableArea": 20.4,
      "azimuth": 34,
      "tilt": 6,
      "vertices": [
        [
          -6.541204506294781,
          100.70453864708543,
          -4.4886776646380895
        ],
        [
          -0.11903673084078129,
          100.90138748846948,
          -8.972950383067655
        ],
        [
          2.585558671275175,
          100.90296760946512,
          -7.803137593415158
        ],
        [
          6.283209636345527,
          100.32374405488372,
          2.53023900140397
        ],
        [
          2.5856213338594163,
          100.32191859744489,
          5.454802121523244
        ],
        [
          -0.1190937504251279,
          100.32041073963046,
          4.479956976159883
        ]
      ],
      "yieldKwhPerSqm": 670
    },
    {
      "id": 2,
      "normal": [
        -0.028723641025578204,
        0.9978642296235064,
        0.05866797835378558
      ],
      "area": 23.5,
      "usableArea": 20.7,
      "azimuth": 334,
      "tilt": 4,
      "vertices": [
        [
          -5.568247668557779,
          94.51633377745748,
          -0.7842479357277625
        ],
        [
          -5.178940052628496,
          100.5113018155098,
          -2.928912010953354
        ],
        [
          -0.11903673084078129,
          100.90138748846948,
          -8.972950383067655
        ],
        [
          3.3640179049726786,
          100.70964233577251,
          -4.098716358166712
        ],
        [
          3.7532540457942734,
          100.51604754664004,
          -1.1741726510008448
        ],
        [
          0.07538053050313365,
          97.0419794563204,
          7.209488782587869
        ]
      ],
      "yieldKwhPerSqm": 650
    },
    {
      "id": 3,
      "normal": [
        0.10403841927336317,
        0.9922396038576576,
        -0.06809240670955088
      ],
      "area": 16.2,
      "usableArea": 16.2,
      "azimuth": 123,
      "tilt": 7,
      "vertices": [
        [
          -6.541204506294781,
          100.70453864708543,
          -4.4886776646380895
        ],
        [
          2.780176673088244,
          100.51517136394978,
          -6.048411870819109
        ],
        [
          3.3640179049726786,
          100.70964233577251,
          -4.098716358166712
        ],
        [
          3.947865362341071,
          100.51618664525449,
          -0.7842349689235562
        ],
        [
          2.585631441910772,
          100.7101175673306,
          7.404499179239792
        ],
        [
          -2.2598071697247004,
          100.90121821686625,
          2.7252202993477113
        ],
        [
          -5.373555881724206,
          100.70541369076818,
          -0.7842470551622682
        ],
        [
          -5.762778731175677,
          100.70518379472196,
          -1.3691593394396477
        ]
      ],
      "yieldKwhPerSqm": 975
    },
    {
      "id": 5,
      "normal": [
        -0.6760128613294997,
        0.5525374954397406,
        -0.4875540251605776
      ],
      "area": 5.2,
      "usableArea": 5.2,
      "azimuth": 234,
      "tilt": 56,
      "vertices": [
        [
          -2.4543625227487436,
          97.7961350902915,
          -6.438354845136928
        ],
        [
          -2.0651387387732765,
          97.79628205671906,
          -7.023262696318852
        ],
        [
          -1.870529017291011,
          97.9903959305957,
          -7.023263772462087
        ],
        [
          3.7532512104991103,
          105.56010375544429,
          -5.853446518049168
        ],
        [
          4.142478778496406,
          106.33643330074847,
          -5.0735700060395175
        ],
        [
          7.256263971565312,
          101.10034766793251,
          2.335263999666495
        ],
        [
          4.53172737441866,
          100.7109952326864,
          5.25982280496828
        ],
        [
          -0.31374685599792523,
          108.8571759890765,
          7.209531814347429
        ]
      ],
      "yieldKwhPerSqm": 993
    },
    {
      "id": 6,
      "normal": [
        0.30268677260482574,
        0.8992979278691614,
        -0.31566430685192565
      ],
      "area": 4.4,
      "usableArea": 4.4,
      "azimuth": 136,
      "tilt": 26,
      "vertices": [
        [
          -0.8975362783493266,
          100.7080365177244,
          4.4799544271299965
        ],
        [
          5.310186840655769,
          108.27774915285408,
          2.335272763877583
        ],
        [
          6.867067681047155,
          107.50258221849799,
          2.1402947311507887
        ],
        [
          5.504807407855077,
          108.8600391075015,
          4.089999906740559
        ],
        [
          2.585631441910772,
          100.7101175673306,
          7.404499179239792
        ],
        [
          1.6125832644794345,
          101.09768521785736,
          7.989412586692197
        ],
        [
          0.8539452649457588,
          101.09719685930759,
          7.014567914440704
        ]
      ],
      "yieldKwhPerSqm": 1036
    },
    {
      "id": 7,
      "normal": [
        -0.6790047500363515,
        0.6900429659485822,
        -0.2505858227692778
      ],
      "area": 4.1,
      "usableArea": 4.1,
      "azimuth": 250,
      "tilt": 46,
      "vertices": [
        [
          -1.481330242993755,
          100.70695901289582,
          -5.07356352124043
        ],
        [
          -0.3136657067187853,
          101.67764236778021,
          -5.073557799660193
        ],
        [
          2.9748169231498824,
          105.75378459598869,
          -4.293686751254427
        ],
        [
          2.974827258385739,
          106.33595794066787,
          -2.343988289103436
        ],
        [
          2.0017724768296095,
          105.5593982655555,
          -1.954044232123124
        ],
        [
          -0.8975051430132962,
          101.67742898967117,
          -3.9037434505080455
        ]
      ],