{
  "houseId": "bench-bochum",
  "faces": [
    {
      "id": 0,
      "normal": [
        -0.007009663899293894,
        0.999399420295769,
        -0.03393616543600239
      ],
      "area": 19.8,
      "usableArea": 16.7,
      "azimuth": 192,
      "tilt": 2,
      "vertices": [
        [
          -5.9756455538273805,
          98.50262620206922,
          -4.868084266952792
        ],
        [
          -5.975641761365441,
          98.50253856740892,
          -5.6324278700012655
        ],
        [
          4.966909743629767,
          105.79300563037395,
          -5.441337594467768
        ],
        [
          6.697832871827668,
          98.52214784920216,
          2.393152566455683
        ],
        [
          5.5438840466839245,
          101.18938921391964,
          5.259550973602018
        ],
        [
          4.005336475808544,
          98.51969772577286,
          9.061950170264026
        ],
        [
          -1.1871979647377517,
          98.51184752117842,
          9.253056913443288
        ],
        [
          -1.5718297490213078,
          98.5113093033433,
          9.25305734837093
        ],
        [
          -5.591019709344582,
          98.50323765166104,
          -3.5304803533326776
        ]
      ],
      "yieldKwhPerSqm": 1060
    },
    {
      "id": 1,
      "normal": [
        -0.543618458715989,
        0.8149025274525482,
        0.201029455788702
      ],
      "area": 27.5,
      "usableArea": 5.5,
      "azimuth": 290,
      "tilt": 35,
      "vertices": [
        [
          -5.206394756603149,
          98.11985508725047,
          -2.7661324126493128
        ],
        [
          -1.3794946162207995,
          103.67317258473486,
          0.29130704776980565
        ],
        [
          3.812925111752375,
          98.8836362035945,
          7.724255230572453
        ],
        [
          3.8129302623154584,
          98.50008522160351,
          8.870775078252336
        ],
        [
          -1.9565776708015252,
          100.98715584725142,
          9.252979781307658
        ],
        [
          -3.8794640331008483,
          97.7391512952745,
          5.259486906990787
        ],
        [
          -4.264098981028983,
          97.73833856824785,
          3.921881938647857
        ]
      ],
      "yieldKwhPerSqm": 805
    },
    {
      "id": 4,
      "normal": [
        0.7467624970626706,
        0.6309799293150776,
        -0.21026198368289153
      ],
      "area": 13.8,
      "usableArea": 13.8,
      "azimuth": 106,
      "tilt": 51,
      "vertices": [
        [
          -0.0332824960761716,
          104.82678056135774,
          -0.09087539574466064
        ],
        [
          1.5052385420011345,
          103.10131837427616,
          0.10020999174230383
        ],
        [
          4.389979353599156,
          101.1867593228817,
          2.7754222287949233
        ],
        [
          2.6591542262638908,
          103.29637498781085,
          5.259557386223605
        ],
        [
          1.8898939208764571,
          104.06306807883084,
          5.259559484493366
        ],
        [
          0.35135530653027697,
          105.01964823901653,
          1.4378206132132618
        ]
      ],
      "yieldKwhPerSqm": 932
    },
    {
      "id": 5,
      "normal": [
        -0.8869683956573506,
        0.36803289952661083,
        0.278996146874937
      ],
      "area": 7.8,
      "usableArea": 7.8,
      "azimuth": 287,
      "tilt": 68,
      "vertices": [
        [
          -4.2641116606365905,
          98.3134063705802,
          -0.09092235768548562
        ],
        [
          -1.3794946162207995,
          103.67317258473486,
          0.29130704776980565
        ],
        [
          0.351361983938514,
          104.8281523976475,
          3.348691829309246
        ],
        [
          0.9281757761662813,
          104.82949259597808,
          5.240155839190265
        ],
        [
          1.697456377808376,
          104.83151511382312,
          8.106459167614958
        ],
        [
          -3.6871622026493784,
          98.50644509401172,
          1.6288467536833195
        ]
      ],
      "yieldKwhPerSqm": 778
    },
    {
      "id": 6,
      "normal": [
        -0.08745040251762266,
        0.8249312085472216,
        -0.5584271915517065
      ],
      "area": 7.5,
      "usableArea": 7.5,
      "azimuth": 189,
      "tilt": 34,
      "vertices": [
        [
          -2.9180316692046833,
          105.20621370337903,
          -3.5304337071102054
        ],
        [
          -1.5718322653966967,
          103.8638359606266,
          -5.632393918171147
        ],
        [
          0.15899891105331354,
          102.71407332923263,
          -7.352182562168309
        ],
        [
          2.6591035328045476,
          102.90955119207501,
          -7.5432799511436315
        ],
        [
          2.466802123194466,
          104.6374372895807,
          -5.059150356970349
        ]
      ],
      "yieldKwhPerSqm": 1097
    },
    {
      "id": 7,
      "normal": [
        -0.35683965289181185,
        0.6922304272712493,
        -0.6272818327386143
      ],
      "area": 10.4,
      "usableArea": 10.4,
      "azimuth": 210,
      "tilt": 46,
      "vertices": [
        [
          -5.590914512385243,
          103.85910937935114,
          -4.103693558539817
        ],
        [
          -2.1487866837825638,
          102.90314611699432,
          -6.396738549399743
        ],
        [
          3.8129906242419023,
          102.33509719744325,
          -9.071980656295636
        ],
        [
          2.466802123194466,
          104.6374372895807,
          -5.059150356970349
        ],
        [
          -5.013987838913781,
          106.16379894409329,
          -1.6195626325752528
        ]
      ],
      "yieldKwhPerSqm": 1066
    },
    {
      "id": 8,
      "normal": [
        0.5361521174049118,
        0.7915601371578379,
        -0.29321230578694063
      ],
      "area": 5.7,
      "usableArea": 5.7,
      "azimuth": 119,
      "tilt": 38,
      "vertices": [
        [
          2.4667145814335893,
          103.68027908634394,
          6.195579665076366
        ],
        [
          2.6591542262638908,
          103.29637498781085,
          5.259557386223605
        ],
        [
          4.389979353599156,
          101.1867593228817,
          2.7754222287949233
        ],
        [
          4.389992546307294,
          102.14732420817018,
          5.25955355709084
        ],
        [
          4.389886570471244,
          102.7238015756011,
          7.151003910057625
        ]
      ],
      "yieldKwhPerSqm": 985
    },
    {
      "id": 9,
      "normal": [
        0.49440864264425144,
        0.863360162109258,
        0.10084306898019714
      ],
      "area": 5.7,
      "usableArea": 0,
      "azimuth": 78,
      "tilt": 30,
      "vertices": [
        [
          -0.8025512398864155,
          104.82543341629207,
          -1.4284820465218218
        ],
        [
          0.9282888641053798,
          103.67609218880534,
          -1.2373985980484576
        ],
        [
          4.197656333812883,
          101.56978778541088,
          0.4823767145317106
        ],
        [
          4.389979353599156,
          101.1867593228817,
          2.7754222287949233
        ],
        [
          0.9282802918631572,
          97.36345592699945,
          10.208473916460207
        ],
        [
          -0.03330369926439714,
          97.93759479466826,
          9.253048525020859
        ]
      ],
      "yieldKwhPerSqm": 835
    },
    {
      "id": 11,
      "normal": [
        -0.3200581404747321,
        0.9435191759325262,
        0.08564082766685092
      ],
      "area": 5,
      "usableArea": 5,
      "azimuth": 285,
      "tilt": 19,