{
  "houseId": "bench-koeln2",
  "faces": [
    {
      "id": 0,
      "normal": [
        0.19517854409603605,
        0.9807360835290152,
        0.007878476294324257
      ],
      "area": 27.090796552322484,
      "usableArea": 27.090796552322484,
      "azimuth": 92.31151694501516,
      "tilt": 11.264439408085137,
      "vertices": [
        [
          3.6557084194549665,
          51.09841486384778,
          -8.014484598482293
        ],
        [
          3.9761838423297116,
          51.034543463862114,
          -8.002926498564992
        ],
        [
          4.418721714683795,
          50.9463834390964,
          -7.991779701159384
        ],
        [
          7.99925494072925,
          50.23265564993761,
          -7.847673854296291
        ],
        [
          8.192461810121285,
          50.23258252597229,
          -12.625008805858995
        ],
        [
          3.848921746000642,
          51.09841816427402,
          -12.801493052060435
        ]
      ],
      "yieldKwhPerSqm": 1100
    },
    {
      "id": 1,
      "normal": [
        0.3409591743063322,
        0.9399778911977545,
        0.01372608887362102
      ],
      "area": 134.02297102748932,
      "usableArea": 134.02297102748932,
      "azimuth": 92.30532738865196,
      "tilt": 19.952156141210065,
      "vertices": [
        [
          4.115037363659267,
          51.13671654389609,
          -7.401049557318433
        ],
        [
          3.6158890002586217,
          51.31800298118763,
          -7.416788140144504
        ],
        [
          3.608947639882149,
          51.31853669221351,
          -7.280912294149638
        ],
        [
          -1.4242718721823522,
          53.147165662498416,
          -7.481146633355266
        ],
        [
          -2.228156259454202,
          53.14662314411902,
          12.524676928802618
        ],
        [
          3.304409549153292,
          51.13654403451671,
          12.746943643995479
        ]
      ],
      "yieldKwhPerSqm": 1100
    },
    {
      "id": 2,
      "normal": [
        -0.33611438502700136,
        0.9417247551093542,
        -0.013476119328187533
      ],
      "area": 126.41318976755481,
      "usableArea": 126.41318976755481,
      "azimuth": 272.2959785721922,
      "tilt": 19.656746501265776,
      "vertices": [
        [
          -7.994041583161229,
          51.28817942185669,
          12.291026578450426
        ],
        [
          -2.792116566797033,
          53.14783512214783,
          12.501916749674981
        ],
        [
          -1.9885897078004637,
          53.14833423836519,
          -7.504355041257131
        ],
        [
          -7.190189165154589,
          51.28865121863404,
          -7.72527424651741
        ]
      ],
      "yieldKwhPerSqm": 1100
    }
  ],
  "obstructions": [
    {
      "id": "vent-1",
      "type": "vent",
      "position": [
        -1.785472214261395,
        95.5364951859746,
        12.220356969590087
      ],
      "radius": 0.21430956553606442
    },
    {
      "id": "chimney-2",
      "type": "chimney",
      "position": [
        -4.078634283554522,
        94.65273499711316,
        12.328677383911584
      ],
      "radius": 0.41591464244765136
    },
    {
      "id": "dormer-3",
      "type": "dormer",
      "position": [
        -0.22785458693999722,
        94.78193044903931,
        12.2925643681475
      ],
      "radius": 0.84642462219823
    },
    {
      "id": "dormer-4",
      "type": "dormer",
      "position": [
        4.859125144251483,
        97.30182879382656,
        3.174404447046809
      ],
      "radius": 0.41464186928228514
    },
    {
      "id": "dormer-5",
      "type": "dormer",
      "position": [
        6.00819056294211,
        94.63266015764808,
        2.517317921602518
      ],
      "radius": 1.2027119025349973
    },
    {
      "id": "vent-6",
      "type": "vent",
      "position": [
        -7.41020903214488,
        94.91182444089405,
        11.592135269001224
      ],
      "radius": 0.2845538112591159
    },
    {
      "id": "chimney-7",
      "type": "chimney",
      "position": [
        4.968506845533731,
        94.65466229052596,
        -0.9422249787664141
      ],
      "radius": 0.49628550581975434
    }
  ],
  "modulePositions": [
    {
      "x": 5.618909912087108,
      "y": 50.732291896780445,
      "z": -11.074061525157314,
      "faceId": 0
    },
    {
      "x": 6.662715580176096,
      "y": 50.52425931588616,
      "z": -11.036416172831085,
      "faceId": 0
    },
    {
      "x": 1.74542382174582,
      "y": 51.72953584245116,
      "z": 10.863763155689092,
      "faceId": 1
    },
    {
      "x": 0.7448402053505929,
      "y": 52.09293929587085,
      "z": 10.832213882415392,
      "faceId": 1
    },
    {
      "x": -0.2557434110446346,
      "y": 52.45634274929053,
      "z": 10.800664609141695,
      "faceId": 1
    },
    {
      "x": -1.2563270274398612,
      "y": 52.819746202710206,
      "z": 10.769115335867994,
      "faceId": 1
    },
    {
      "x": 1.807197003384431,
      "y": 51.73484427937527,
      "z": 8.965775564968947,
      "faceId": 1
    },
    {
      "x": 0.8066133869892039,
      "y": 52.09824773279495,
      "z": 8.934226291695246,
      "faceId": 1
    },
    {
      "x": -0.1939702294060236,
      "y": 52.46165118621463,
      "z": 8.90267701842155,
      "faceId": 1
    },
    {
      "x": -1.1945538458012503,
      "y": 52.82505463963431,
      "z": 8.871127745147849,
      "faceId": 1
    },
    {
      "x": 1.868970185023042,
      "y": 51.74015271629938,
      "z": 7.067787974248798,
      "faceId": 1
    },
    {
      "x": 0.8683865686278149,
      "y": 52.10355616971906,
      "z": 7.036238700975098,
      "faceId": 1
    },
    {
      "x": -0.13219704776741253,
      "y": 52.46695962313874,
      "z": 7.0046894277014,
      "faceId": 1
    },
    {
      "x": -1.1327806641626392,
      "y": 52.83036307655842,
      "z": 6.973140154427701,
      "faceId": 1
    },
    {
      "x": 1.9307433666616531,
      "y": 51.74546115322348,
      "z": 5.169800383528651,
      "faceId": 1
    },
    {
      "x": 0.930159750266426,
      "y": 52.108864606643166,
      "z": 5.138251110254951,
      "faceId": 1
    },
    {
      "x": -0.07042386612880147,
      "y": 52.472268060062845,
      "z": 5.1067018369812525,
      "faceId": 1
    },
    {
      "x": -1.071007482524028,
      "y": 52.835671513482524,
      "z": 5.075152563707554,
      "faceId": 1
    },
    {
      "x": 1.992516548300264,
      "y": 51.75076959014759,
      "z": 3.271812792808502,
      "faceId": 1
    },
    {
      "x": 0.9919329319050371,
      "y": 52.11417304356728,
      "z": 3.2402635195348024,
      "faceId": 1
    },
    {
      "x": -0.008650684490190463,
      "y": 52.477576496986956,
      "z": 3.2087142462611036,
      "faceId": 1
    },
    {
      "x": -1.0092343008854172,
      "y": 52.840979950406634,
      "z": 3.1771649729874047,
      "faceId": 1
    },
    {
      "x": 2.0542897299388754,
      "y": 51.756078027071695,
      "z": 1.373825202088355,
      "faceId": 1
    },
    {
      "x": 1.053706113543648,
      "y": 52.11948148049138,
      "z": 1.3422759288146553,
      "faceId": 1
    },
    {
      "x": 0.0531224971484206,
      "y": 52.48288493391106,
      "z": 1.3107266555409565,
      "faceId": 1
    },
    {
      "x": -0.9474611192468061,
      "y": 52.84628838733074,
      "z": 1.2791773822672576,
      "faceId": 1
    },
    {
      "x": 2.1160629115774863,
      "y": 51.761386463995805,
      "z": -0.5241623886317912,
      "faceId": 1
    },
    {
      "x": 1.1154792951822592,
      "y": 52.12478991741549,
      "z": -0.5557116619054909,
      "faceId": 1
    },
    {
      "x": 0.11489567878703161,
      "y": 52.48819337083517,
      "z": -0.5872609351791898,
      "faceId": 1
    },
    {
      "x": -0.885687937608195,
      "y": 52.85159682425485,
      "z": -0.6188102084528886,