{
  "houseId": "bench-dresden1",
  "faces": [
    {
      "id": 0,
      "normal": [
        -0.04936140924164713,
        0.9981823245249887,
        0.0345759784180995
      ],
      "area": 5.1,
      "usableArea": 1.8,
      "azimuth": 305,
      "tilt": 3,
      "vertices": [
        [
          3.819444136456541,
          178.83542458433658,
          4.969777402358886
        ],
        [
          4.013699411060616,
          178.83593219053,
          4.583766533418384
        ],
        [
          4.207958035864822,
          178.83614340331405,
          4.583765358554956
        ],
        [
          6.733296820074274,
          179.6148777315393,
          4.58376488963404
        ],
        [
          11.006947155920743,
          179.8131422661245,
          4.583764331306156
        ],
        [
          11.201203560684762,
          179.812600213103,
          5.3557857944470015
        ],
        [
          3.819445912954352,
          178.4461470199749,
          6.51381609764212
        ],
        [
          3.8194447189988114,
          178.83480652514845,
          5.741795108544466
        ]
      ],
      "yieldKwhPerSqm": 721
    },
    {
      "id": 1,
      "normal": [
        -0.03282218933433825,
        0.9571305595332164,
        -0.28779123665416395
      ],
      "area": 2.4,
      "usableArea": 2.4,
      "azimuth": 187,
      "tilt": 17,
      "vertices": [
        [
          4.79072956565763,
          179.80524861067533,
          6.513820111176756
        ],
        [
          6.150526502979874,
          179.6134610483423,
          5.548792953959492
        ],
        [
          9.452892391355663,
          179.61692571733147,
          5.3557862838570145
        ],
        [
          8.481608777302272,
          179.80946437548846,
          5.934800365830597
        ]
      ],
      "yieldKwhPerSqm": 1088
    }
  ],
  "obstructions": [
    {
      "id": "vent-1",
      "type": "vent",
      "position": [
        4.564095056271523,
        179.28922742124027,
        4.58376704572341
      ],
      "radius": 0.2
    },
    {
      "id": "vent-2",
      "type": "vent",
      "position": [
        4.510135697079776,
        179.4178767628554,
        5.3557876624731255
      ],
      "radius": 0.25824249899398777
    }
  ],
  "modulePositions": [],
  "buildingFootprint": {
    "center": [
      7.154186125840016,
      176.51081200083718,
      5.773952289375302
    ],
    "size": [
      7.7055208402064945,
      6.473836543348909,
      2.3804140637318287
    ]
  },
  "_autoMultiLevel": {
    "fired": false,
    "trigger": 0
  },
  "_selection": {
    "method": "per-house best variant",
    "variantCount": 22,
    "plausibleCount": 0,
    "pickedVariant": "-A",
    "pickedReason": "no plausible / fallback to score leader (0 panels)",
    "aberrant": true,
    "aberrantReason": "C3: picked faceArea 8 m² < 30 (polygon/mesh missing)",
    "lod2Source": null
  }
}