{
  "houseId": "brandenburg",
  "faces": [
    {
      "id": 0,
      "normal": [
        -0.44961732688627104,
        0.8820828436701553,
        -0.14062046887425886
      ],
      "area": 14.4,
      "usableArea": 14.4,
      "azimuth": 253,
      "tilt": 28,
      "vertices": [
        [
          -4.494706669454005,
          81.03010367886681,
          -1.553924824569549
        ],
        [
          -3.5522188436980437,
          81.03010367886681,
          -4.364408378016378
        ],
        [
          -2.23274235902774,
          81.03010367886681,
          -6.612794227890845
        ],
        [
          -1.290275733782452,
          81.03010367886681,
          -5.675964295856829
        ],
        [
          -0.15931564346375732,
          81.03010367886681,
          -3.614933359895076
        ],
        [
          -1.2902967779473482,
          81.03010367886681,
          -0.991814227301802
        ]
      ],
      "yieldKwhPerSqm": 944
    },
    {
      "id": 1,
      "normal": [
        -0.465728970721698,
        0.8448575610582452,
        -0.2632721545344691
      ],
      "area": 12.7,
      "usableArea": 12.7,
      "azimuth": 241,
      "tilt": 32,
      "vertices": [
        [
          -6.002688234652866,
          80.00395918420206,
          2.568118031609629
        ],
        [
          -5.625689123854515,
          80.00395918420206,
          1.0691912747060996
        ],
        [
          -5.060178382303108,
          80.00395918420206,
          -0.4297242313550669
        ],
        [
          -4.494706669454005,
          80.00395918420206,
          -1.553924824569549
        ],
        [
          -1.6672582948622372,
          80.00395918420206,
          -6.612792151507165
        ],
        [
          -1.290275733782452,
          80.00395918420206,
          -5.675964295856829
        ],
        [
          -1.2902967779473482,
          80.00395918420206,
          -0.991814227301802
        ],
        [
          -4.306228722310167,
          80.00395918420206,
          1.6312951729705674
        ]
      ],
      "yieldKwhPerSqm": 988
    },
    {
      "id": 2,
      "normal": [
        -0.2398983442769064,
        0.834883073160573,
        0.4953978588600848
      ],
      "area": 10.9,
      "usableArea": 8,
      "azimuth": 334,
      "tilt": 33,
      "vertices": [
        [
          -6.002688234652866,
          80.76252920056383,
          2.568118031609629
        ],
        [
          -3.929241758752157,
          80.76252920056383,
          2.380759102765296
        ],
        [
          2.291088684946756,
          80.76252920056383,
          2.9428824661372346
        ],
        [
          3.5916187779703095,
          80.76252920056383,
          6.690196362331335
        ],
        [
          2.272151593487236,
          80.76252920056383,
          6.315471436835651
        ],
        [
          -4.117739074145917,
          80.76252920056383,
          3.6923206676801783
        ]
      ],
      "yieldKwhPerSqm": 682
    },
    {
      "id": 3,
      "normal": [
        -0.35312309095972444,
        0.9307747825331278,
        0.09466988344483628
      ],
      "area": 7.8,
      "usableArea": 7.8,
      "azimuth": 285,
      "tilt": 21,
      "vertices": [
        [
          -6.002688234652866,
          81.29223467370805,
          2.568118031609629
        ],
        [
          -3.7406992049464107,
          81.29223467370805,
          -4.177039086345758
        ],
        [
          0.4061505129984501,
          81.29223467370805,
          -0.9918107991034049
        ],
        [
          0.5946438219589103,
          81.29223467370805,
          0.31975212274846854
        ],
        [
          -3.929241758752157,
          81.29223467370805,
          2.380759102765296
        ]
      ],
      "yieldKwhPerSqm": 817
    },
    {
      "id": 4,
      "normal": [
        0.528876144353698,
        0.8387420424269294,
        0.12962179677457553
      ],
      "area": 7.7,
      "usableArea": 3.5,
      "azimuth": 76,
      "tilt": 33,
      "vertices": [
        [
          1.1601319319060923,
          83.06075294905652,
          -0.24234284413250862
        ],
        [
          3.780082043861497,
          83.06075294905652,
          -0.24234386719035683
        ],
        [
          5.476545877308111,
          83.06075294905652,
          2.1934039066618425
        ],
        [
          2.4606413080082192,
          83.06075294905652,
          4.254445736303751
        ]
      ],
      "yieldKwhPerSqm": 827
    },
    {
      "id": 5,
      "normal": [
        -0.07656213991063146,
        0.8610897564008669,
        0.502655617847648
      ],
      "area": 6.9,
      "usableArea": 6.9,
      "azimuth": 351,
      "tilt": 31,
      "vertices": [
        [
          -4.117739074145917,
          80.28414951130334,
          3.6923206676801783
        ],
        [
          -3.929241758752157,
          80.28414951130334,
          2.380759102765296
        ],
        [
          -2.6097208657111124,
          80.28414951130334,
          -5.675960342858161
        ],
        [
          -1.8557421446121378,
          80.28414951130334,
          -5.488592682864692
        ],
        [
          0.02915704950736039,
          80.28414951130334,
          1.4439466432741028
        ],
        [
          -1.4788096590009598,
          80.28414951130334,
          3.6923316912798327
        ]
      ],
      "yieldKwhPerSqm": 662
    },
    {
      "id": 6,
      "normal": [
        -0.6812313471621754,
        0.677261004394219,
        -0.2779233411761984
      ],
      "area": 6.1,
      "usableArea": 6.1,
      "azimuth": 248,
      "tilt": 47,
      "vertices": [
        [
          -5.437183163691786,
          79.0818692954878,
          1.6312962272277218
        ],
        [
          -3.7406992049464107,
          79.0818692954878,
          -4.177039086345758
        ],
        [
          -3.1752033654875205,
          79.0818692954878,
          -6.050694490775641
        ],
        [
          -2.79821144636209,
          79.0818692954878,
          -6.612790851380851
        ],
        [
          -2.421238313293558,
          79.0818692954878,
          -6.800162416875537
        ],
        [
          -2.23274235902774,
          79.0818692954878,
          -6.612794227890845
        ],
        [
          -0.15931564346375732,
          79.0818692954878,
          -3.614933359895076
        ],
        [
          0.4061505129984501,
          79.0818692954878,
          -0.9918107991034049
        ],
        [
          -5.060200851857204,
          79.0818692954878,
          2.1933924658296746
        ]
      ],
      "yieldKwhPerSqm": 958
    },
    {
      "id": 7,
      "normal": [
        0.07073979266298105,
        0.7917997636748559,
        -0.6066704344027661
      ],
      "area": 6,
      "usableArea": 3,
      "azimuth": 173,
      "tilt": 38,
      "vertices": [
        [
          0.4061505129984501,
          83.12837398983538,
          -0.9918107991034049
        ],
        [
          2.102622478637371,
          83.12837398983538,
          -2.865459969259973
        ],
        [
          6.418989980030331,
          83.12837398983538,
          -3.9896731479020673
        ],
        [
          3.9685729850507263,
          83.12837398983538,
          -1.7412737794147688
        ],
        [
          2.291104139779221,
          83.12837398983538,
          -1.3665347681308049
        ]
      ],
      "yieldKwhPerSqm": 1098
    },
    {
      "id": 8,
      "normal": [
        0.300858386843776,
        0.8112864204952227,
        -0.5012968930542155
      ],
      "area": 5.9,
      "usableArea": 5.9,
      "azimuth": 149,
      "tilt": 36,