{
  "houseId": "brandenburg",
  "faces": [
    {
      "id": 0,
      "normal": [
        -0.36845869879610654,
        0.7968488418864583,
        0.4788215852127912
      ],
      "area": 45.6,
      "usableArea": 45.6,
      "azimuth": 322,
      "tilt": 37,
      "vertices": [
        [
          -7.064611667941624,
          100.95450092293325,
          -1.427605534452596
        ],
        [
          -4.993520782620013,
          104.71449559275064,
          -6.86129438133503
        ],
        [
          -4.428677434625403,
          105.27850391063842,
          -7.423399360399346
        ],
        [
          4.420538832841144,
          105.27850793022665,
          -1.8023488205071776
        ],
        [
          7.0564794754029085,
          105.27853690367195,
          0.8208110658306398
        ],
        [
          4.79710486991115,
          102.08252275828275,
          4.380814888500027
        ],
        [
          3.8556994088577867,
          98.6983641078696,
          4.942918143220596
        ],
        [
          2.5377302957351144,
          97.75833871308717,
          5.130287402760588
        ],
        [
          -3.487267884833105,
          100.39048011973503,
          1.1955514838773527
        ]
      ],
      "yieldKwhPerSqm": 707
    },
    {
      "id": 1,
      "normal": [
        -0.11805406276719431,
        0.9755023361965582,
        0.18562982071643655
      ],
      "area": 49.5,
      "usableArea": 43.1,
      "azimuth": 328,
      "tilt": 13,
      "vertices": [
        [
          -7.817734440148176,
          100.7665704628453,
          0.6334492550085998
        ],
        [
          -4.42867716244638,
          104.15051001589748,
          -5.174978837851087
        ],
        [
          -2.5458646533659848,
          105.27852679044011,
          -5.737086397610256
        ],
        [
          1.596319295407907,
          103.96238366048786,
          -5.362352502081195
        ],
        [
          3.855695251666644,
          104.33843130990866,
          -3.3012996753823254
        ],
        [
          4.420538832841144,
          105.27850793022665,
          -1.8023488205071776
        ],
        [
          4.797104194585868,
          104.90253604855391,
          -0.11603081041539556
        ],
        [
          3.8557006220218555,
          101.8945154519752,
          4.006078093763791
        ],
        [
          -1.6044537108971924,
          97.57047248911115,
          7.0039775748591655
        ],
        [
          -4.052107487630398,
          97.57055793609473,
          8.315559669383221
        ],
        [
          -6.123200994974302,
          97.00654985848817,
          7.94082479363715
        ],
        [
          -7.0646083984173105,
          97.5705096209422,
          4.9429249381501
        ]
      ],
      "yieldKwhPerSqm": 677
    },
    {
      "id": 2,
      "normal": [
        0.045916919548212184,
        0.997127039967904,
        -0.060243693977454646
      ],
      "area": 13.8,
      "usableArea": 13.8,
      "azimuth": 143,
      "tilt": 4,
      "vertices": [
        [
          -7.0646083984173105,
          97.5705096209422,
          4.9429249381501
        ],
        [
          -2.5458684391922506,
          104.15039503853771,
          -7.985509665231804
        ],
        [
          2.1611602245249606,
          103.77427289169285,
          -8.360252991333256
        ],
        [
          3.8556930977503594,
          103.96227375324818,
          -7.42340944708849
        ],
        [
          6.303348540270405,
          104.15031970757994,
          -4.987618831466535
        ],
        [
          3.8557006220218555,
          101.8945154519752,
          4.006078093763791
        ],
        [
          -6.123202806862371,
          97.57050382625314,
          5.505031357970439
        ]
      ],
      "yieldKwhPerSqm": 1024
    },
    {
      "id": 3,
      "normal": [
        -0.06116193572234462,
        0.9963122486323435,
        -0.060175749632714985
      ],
      "area": 13.3,
      "usableArea": 8.6,
      "azimuth": 225,
      "tilt": 5,
      "vertices": [
        [
          -6.123202806862371,
          97.57050382625314,
          5.505031357970439
        ],
        [
          -6.123202395101377,
          97.57049053255471,
          4.942925140247099
        ],
        [
          1.596319295407907,
          103.96238366048786,
          -5.362352502081195
        ],
        [
          3.85569305269763,
          103.96225899085405,
          -7.610778849586497
        ],
        [
          4.79710486991115,
          102.08252275828275,
          4.380814888500027
        ]
      ],
      "yieldKwhPerSqm": 1005
    },
    {
      "id": 4,
      "normal": [
        0.39206742991988397,
        0.7652317594231283,
        -0.5105913089411144
      ],
      "area": 19.4,
      "usableArea": 19.4,
      "azimuth": 142,
      "tilt": 40,
      "vertices": [
        [
          -4.428677434625403,
          105.27850391063842,
          -7.423399360399346
        ],
        [
          -3.2989929662433646,
          103.58632071781906,
          -9.6718290331919
        ],
        [
          -1.4161838007274268,
          102.45820169989022,
          -10.233937670491288
        ],
        [
          7.056477531499865,
          104.33842010423544,
          -1.2402461683523145
        ],
        [
          4.420538832841144,
          105.27850793022665,
          -1.8023488205071776
        ],
        [
          3.855696231301577,
          105.27851982135329,
          -1.9897179715480893
        ],
        [
          -2.5458646533659848,
          105.27852679044011,
          -5.737086397610256
        ]
      ],
      "yieldKwhPerSqm": 1053
    },
    {
      "id": 5,
      "normal": [
        0.022868873479459904,
        0.9955124512356145,
        0.09182578102384294
      ],
      "area": 12.3,
      "usableArea": 12.3,
      "azimuth": 14,
      "tilt": 5,
      "vertices": [
        [
          -8.947420238342435,
          97.38253303617242,
          4.942927327923827
        ],
        [
          -6.311487579543443,
          101.14250748977068,
          -1.0528696035180476
        ],
        [
          -1.039614373294003,
          104.33852159325036,
          -3.30129644322733
        ],
        [
          3.855695251666644,
          104.33843130990866,
          -3.3012996753823254
        ],
        [
          4.2322574892897915,
          104.33842232078317,
          -2.9265624722611396
        ],
        [
          4.043980241695122,
          104.15051913913342,
          0.4460746245313204
        ],
        [
          -1.6044537108971924,
          97.57047248911115,
          7.0039775748591655
        ],
        [
          -4.052107487630398,
          97.57055793609473,
          8.315559669383221
        ],
        [
          -6.123200994974302,
          97.00654985848817,
          7.94082479363715
        ]
      ],
      "yieldKwhPerSqm": 638
    },
    {
      "id": 6,
      "normal": [
        -0.25253741364347354,
        0.9234768000457005,
        0.2888173375814171
      ],
      "area": 10.6,
      "usableArea": 10.6,
      "azimuth": 319,
      "tilt": 23,