{
  "houseId": "brandenburg",
  "faces": [
    {
      "id": 0,
      "normal": [
        0.5679278851679344,
        0.7828274387422279,
        0.2542422435413928
      ],
      "area": 78.1,
      "usableArea": 78.1,
      "azimuth": 66,
      "tilt": 38,
      "vertices": [
        [
          -7.572758577467702,
          76.47425102256238,
          7.183517857854895
        ],
        [
          3.3599115164887006,
          83.44386135973036,
          -8.555178123126097
        ],
        [
          5.056354577716611,
          81.75073987618089,
          -7.618343995018222
        ],
        [
          6.733678160880864,
          80.05790837667882,
          -6.49415613857127
        ],
        [
          5.41424712603277,
          79.30263908486813,
          -1.6226347964911838
        ],
        [
          5.0372664727672785,
          79.11371709778905,
          -0.31107081619120436
        ],
        [
          4.113856245710686,
          79.11170182190835,
          1.9373154551067273
        ],
        [
          0.5324497766030802,
          79.29288460221142,
          10.368769039334438
        ],
        [
          -7.384267410432749,
          76.28517082706094,
          8.307715231021575
        ]
      ],
      "yieldKwhPerSqm": 790
    },
    {
      "id": 1,
      "normal": [
        0.6847611807005207,
        0.6750302507078607,
        0.27465666937999406
      ],
      "area": 48.1,
      "usableArea": 43.4,
      "azimuth": 68,
      "tilt": 48,
      "vertices": [
        [
          -4.36838910594286,
          84.3705029161647,
          7.932993267131678
        ],
        [
          0.9094791173172962,
          84.38159123621881,
          -4.99523561407841
        ],
        [
          2.228945268148727,
          84.19554702751338,
          -7.8057195787041564
        ],
        [
          5.056354577716611,
          81.75073987618089,
          -7.618343995018222
        ],
        [
          7.676145028502852,
          79.11737325694412,
          -6.119429572550871
        ],
        [
          3.925364862376064,
          77.60693090595305,
          2.874144032532058
        ],
        [
          0.5324497766030802,
          79.29288460221142,
          10.368769039334438
        ],
        [
          -2.1064624079100938,
          81.54935830272734,
          9.431930282087706
        ],
        [
          -3.8029068998823092,
          83.24183663446456,
          8.68246019299113
        ]
      ],
      "yieldKwhPerSqm": 793
    },
    {
      "id": 2,
      "normal": [
        -0.5206488443958859,
        0.8288104658653843,
        -0.2049341174651826
      ],
      "area": 53.6,
      "usableArea": 49.7,
      "azimuth": 249,
      "tilt": 34,
      "vertices": [
        [
          -10.777149489668027,
          79.1071950905025,
          5.871943929632835
        ],
        [
          -5.122292377689682,
          79.12016238458455,
          -7.805745130935975
        ],
        [
          -3.6143297228792837,
          79.31078872643411,
          -11.178326330213167
        ],
        [
          -1.7293974424775842,
          80.43814974091947,
          -10.616221906217106
        ],
        [
          0.15550321579741658,
          84.38092454709113,
          -4.05840864644415
        ],
        [
          1.097936779789798,
          75.34460796508938,
          10.556137265572033
        ],
        [
          -0.22151537023653842,
          74.77987493015826,
          11.1182304559552
        ]
      ],
      "yieldKwhPerSqm": 959
    },
    {
      "id": 3,
      "normal": [
        -0.6992489514414157,
        0.692782027900439,
        -0.17636316431226817
      ],
      "area": 26.1,
      "usableArea": 26.1,
      "azimuth": 256,
      "tilt": 46,
      "vertices": [
        [
          -9.457684614166446,
          78.92235950939357,
          2.874093914339028
        ],
        [
          -3.6143297228792837,
          79.31078872643411,
          -11.178326330213167
        ],
        [
          6.922159412939273,
          74.7921354053542,
          -4.433133149585046
        ],
        [
          5.979709103301339,
          74.790312923491,
          -1.6226365352704306
        ],
        [
          -5.122363236785695,
          84.37055415194482,
          7.745623470684222
        ],
        [
          -6.064830823505126,
          83.24216575268656,
          7.932987532047264
        ]
      ],
      "yieldKwhPerSqm": 929
    },
    {
      "id": 4,
      "normal": [
        -0.8612469125439519,
        0.4178073094876089,
        -0.28929363589998963
      ],
      "area": 14,
      "usableArea": 14,
      "azimuth": 251,
      "tilt": 65,
      "vertices": [
        [
          -5.122363236785695,
          84.37055415194482,
          7.745623470684222
        ],
        [
          -4.745365256030873,
          83.4324557017535,
          5.684601538749121
        ],
        [
          -3.8028756345685726,
          82.49702226184309,
          0.6257248645924847
        ],
        [
          -1.9179247934900374,
          82.50052350759506,
          -3.4963167915775557
        ],
        [
          -1.163948471710846,
          83.62961627729237,
          -4.807877244493284
        ],
        [
          1.2864809078799408,
          83.63225142285228,
          -8.555185527140566
        ],
        [
          1.0979810612678376,
          84.38331763073802,
          -7.243625381095626
        ],
        [
          0.343999816633932,
          84.38180986046791,
          -5.182605287125625
        ],
        [
          -1.9179436578944475,
          84.37714984640479,
          0.6257314625472645
        ]
      ],
      "yieldKwhPerSqm": 920
    },
    {
      "id": 5,
      "normal": [
        -0.5043162749841721,
        0.7107152891755808,
        -0.4904578193057581
      ],
      "area": 8.7,
      "usableArea": 8.7,
      "azimuth": 226,
      "tilt": 45,
      "vertices": [
        [
          -10.02318019599823,
          79.48333405144513,
          5.871944791571877
        ],
        [
          -4.745307549188674,
          79.49537673592567,
          -6.8689158135748585
        ],
        [
          -2.2948943335160767,
          80.81138809770346,
          -7.0562714301704546
        ],
        [
          0.5325016775803488,
          83.25489788968116,
          -6.681530167879828
        ],
        [
          0.343999816633932,
          84.38180986046791,
          -5.182605287125625
        ],
        [
          -1.352451699373141,
          83.81516845431179,
          -1.8100223034343799
        ],
        [
          -7.761260244815439,
          81.5514250760898,
          6.2466869749405305
        ]
      ],
      "yieldKwhPerSqm": 1030
    },
    {
      "id": 6,
      "normal": [
        0.9058989326385817,
        0.3427892429080709,
        0.24868184250320743
      ],
      "area": 12.2,
      "usableArea": 12.2,
      "azimuth": 75,
      "tilt": 70,