{
  "houseId": "test2",
  "faces": [
    {
      "id": 0,
      "normal": [
        -0.32750025143695266,
        0.81064340623075,
        0.48538732291165165
      ],
      "area": 79.1,
      "usableArea": 76.8,
      "azimuth": 326,
      "tilt": 36,
      "vertices": [
        [
          -9.360573933228352,
          81.01104843616486,
          -1.12538076052806
        ],
        [
          -6.910132969730967,
          84.39178312383592,
          -5.060065126050176
        ],
        [
          7.038633813847355,
          84.39336024504155,
          4.851503630630759
        ],
        [
          5.907654490786172,
          82.5149682611227,
          6.912517458662478
        ],
        [
          4.965166018110267,
          81.76392755005509,
          7.849344260055659
        ],
        [
          2.326220414599902,
          81.01302842609584,
          7.287236318454234
        ]
      ],
      "yieldKwhPerSqm": 698
    },
    {
      "id": 1,
      "normal": [
        0.35068332110265543,
        0.8094173493332676,
        -0.47102522533163665
      ],
      "area": 34.9,
      "usableArea": 34.9,
      "azimuth": 143,
      "tilt": 36,
      "vertices": [
        [
          -5.967653676170357,
          83.45095013454556,
          -5.809521452993067
        ],
        [
          3.268599085974074,
          81.1943793464452,
          -2.8116395892611763
        ],
        [
          8.169463531927704,
          81.38236598670483,
          0.9356929925233999
        ],
        [
          7.604126056654877,
          83.64069109410048,
          4.289404040664522
        ],
        [
          7.038633813847355,
          84.39336024504155,
          4.851503630630759
        ]
      ],
      "yieldKwhPerSqm": 1056
    },
    {
      "id": 2,
      "normal": [
        0.4758285997091449,
        0.5754830312412941,
        -0.6651363953747879
      ],
      "area": 15.2,
      "usableArea": 15.2,
      "azimuth": 144,
      "tilt": 55,
      "vertices": [
        [
          -5.967653676170357,
          83.45095013454556,
          -5.809521452993067
        ],
        [
          3.4570798755144097,
          83.2648222334683,
          0.7483096988835314
        ],
        [
          9.866093875838942,
          78.75160109251738,
          5.600954009216366
        ],
        [
          8.923607067203648,
          79.5041892491281,
          5.413589174855588
        ],
        [
          6.661486431605681,
          84.2050892226398,
          3.933536038730381
        ],
        [
          -5.590667146492251,
          84.20369466766715,
          -4.872695145200851
        ]
      ],
      "yieldKwhPerSqm": 1046
    },
    {
      "id": 3,
      "normal": [
        0.07185175072438771,
        0.9923717300704143,
        -0.10017821756695927
      ],
      "area": 11.7,
      "usableArea": 11.7,
      "azimuth": 144,
      "tilt": 7,
      "vertices": [
        [
          -6.910132969730967,
          84.39178312383592,
          -5.060065126050176
        ],
        [
          -5.590667146492251,
          84.20369466766715,
          -4.872695145200851
        ],
        [
          9.111936977248206,
          78.75099842902273,
          3.3714571590498963
        ],
        [
          9.111931569407261,
          78.75147817470133,
          4.3082868861929455
        ],
        [
          -2.1976811043000453,
          76.5015368219465,
          5.226179632354615
        ]
      ],
      "yieldKwhPerSqm": 1033
    },
    {
      "id": 4,
      "normal": [
        -0.48286634787781574,
        0.7527968485871955,
        -0.44736673417267764
      ],
      "area": 6.8,
      "usableArea": 6.8,
      "azimuth": 227,
      "tilt": 41,
      "vertices": [
        [
          -8.795082857833677,
          79.88205166719854,
          -2.2495705601795635
        ],
        [
          -7.664105615463541,
          79.31591806188226,
          -4.685324008114549
        ],
        [
          8.923607067203648,
          79.5041892491281,
          5.413589174855588
        ],
        [
          5.719155459314152,
          79.8841511644423,
          9.535631177943287
        ],
        [
          -7.287126254524537,
          76.50056255236268,
          1.6851247451231757
        ]
      ],
      "yieldKwhPerSqm": 1028
    },
    {
      "id": 5,
      "normal": [
        -0.4726116087473061,
        0.6806146922191522,
        0.5598231042148155
      ],
      "area": 7.6,
      "usableArea": 5.4,
      "azimuth": 320,
      "tilt": 47,
      "vertices": [
        [
          -3.705722934800633,
          84.20518955867738,
          -2.4369336566924176
        ],
        [
          1.0066402667421244,
          84.39394147135317,
          0.748299433846114
        ],
        [
          4.3996872458360485,
          77.06426508259028,
          8.411421346474526
        ],
        [
          4.399685839655376,
          76.50067085586488,
          9.348250186998484
        ],
        [
          -0.3127165876808249,
          76.50071554351598,
          5.038819700941531
        ],
        [
          -0.8782051889006652,
          77.06452037021518,
          4.289356430988846
        ]
      ],
      "yieldKwhPerSqm": 707
    },
    {
      "id": 6,
      "normal": [
        0.3392145293440684,
        0.9016376193401641,
        0.26829667622332465
      ],
      "area": 4.7,
      "usableArea": 1.6,
      "azimuth": 52,
      "tilt": 26,
      "vertices": [
        [
          6.2846566156936206,
          79.1300004273653,
          5.788311691019771
        ],
        [
          7.227141053647301,
          79.31667356006801,
          4.289388064757077
        ],
        [
          8.357956564401775,
          79.31509380228817,
          2.6219894415662566
        ],
        [
          9.488930134217753,
          79.313570484519,
          1.1230667112358788
        ],
        [
          9.865920490700319,
          78.75002323836088,
          2.434630324594764
        ],
        [
          8.92343627416858,
          78.75159968435764,
          4.3082868228630105
        ]
      ],
      "yieldKwhPerSqm": 741
    },
    {
      "id": 7,
      "normal": [
        0.060756700149324834,
        0.9960320665015938,
        0.06502880813554852
      ],
      "area": 3.5,
      "usableArea": 3.5,
      "azimuth": 43,
      "tilt": 5,
      "vertices": [
        [
          1.0066402667421244,
          84.39394147135317,
          0.748299433846114
        ],
        [
          6.661486431605681,
          84.2050892226398,
          3.933536038730381
        ],
        [
          7.604132496401235,
          78.94118848443031,
          5.7883150996603945
        ],
        [
          5.907655477871685,
          78.94313180353492,
          7.6619658512026945
        ]
      ],
      "yieldKwhPerSqm": 690
    },
    {
      "id": 8,
      "normal": [
        -0.24247959152288,
        0.9609168224600362,
        0.13357585114160647
      ],
      "area": 2.9,
      "usableArea": 2.9,
      "azimuth": 299,
      "tilt": 16,
      "vertices": [
        [
          -9.1720688869259,
          76.49877212755382,
          -1.1253688023462018
        ],
        [
          -7.287119816291579,
          76.8749485546723,
          -0.5632673250547668
        ],
        [
          -3.140243967647166,
          79.1322240959853,
          2.4345935839191952
        ],
        [
          -4.271213664325387,
          78.75751618668437,
          3.933518622066913
        ],
        [
          -7.287126254524537,
          76.50056255236268,
          1.6851247451231757
        ]
      ],
      "yieldKwhPerSqm": 762
    },
    {
      "id": 9,
      "normal": [
        0.11121083834445301,
        0.740412719129217,
        -0.6628884934786565
      ],
      "area": 2.9,
      "usableArea": 2.9,
      "azimuth": 170,
      "tilt": 42,