{
  "houseId": "test4",
  "faces": [
    {
      "id": 1,
      "normal": [
        0.16514886135825685,
        0.8834050718105027,
        -0.43854456180820656
      ],
      "area": 21,
      "usableArea": 21,
      "azimuth": 159,
      "tilt": 28,
      "vertices": [
        [
          -3.410271207575563,
          83.13831352069974,
          7.198631163140817
        ],
        [
          -2.2793584576639048,
          86.51067498140037,
          -1.9822952119502588
        ],
        [
          -1.1484595830616242,
          85.3782305745408,
          -4.980147890360968
        ],
        [
          4.298329934122164,
          85.1862234249711,
          -2.731764518735872
        ],
        [
          6.7485833293694375,
          85.37179970741272,
          -1.4202161026987596
        ],
        [
          -2.6563531005586194,
          82.94994899071753,
          7.7607325179633335
        ]
      ],
      "yieldKwhPerSqm": 1084
    },
    {
      "id": 3,
      "normal": [
        0.0013957653192164564,
        0.9999802617921514,
        -0.006125999124542735
      ],
      "area": 10.5,
      "usableArea": 10.5,
      "azimuth": 167,
      "tilt": 0,
      "vertices": [
        [
          -3.2217846142657733,
          82.76066730357707,
          6.07443474970205
        ],
        [
          -3.033279027330566,
          86.8876310493797,
          -1.9822982257101103
        ],
        [
          2.0364574356871956,
          86.8648279318586,
          -0.4834087235722109
        ],
        [
          3.921274519402657,
          86.8626738153398,
          0.0786845804323093
        ],
        [
          4.675225417472546,
          89.12065895274282,
          3.076556915337278
        ],
        [
          0.5478198893769946,
          82.94491641130298,
          7.386016370648576
        ],
        [
          0.17085235600185802,
          82.94591508619487,
          7.76074376647739
        ],
        [
          -1.7139533014333506,
          82.94931128434837,
          8.322835201783164
        ],
        [
          -2.6563531005586194,
          82.94994899071753,
          7.7607325179633335
        ]
      ],
      "yieldKwhPerSqm": 1056
    },
    {
      "id": 4,
      "normal": [
        -0.1530733361282653,
        0.9141783114411282,
        0.3752953086000552
      ],
      "area": 13.7,
      "usableArea": 0,
      "azimuth": 338,
      "tilt": 24,
      "vertices": [
        [
          -6.425947426824707,
          85.39309503696859,
          2.8892009802293614
        ],
        [
          -2.8447006874548904,
          89.12742465175688,
          -0.4834136213976308
        ],
        [
          0.5479586517839992,
          89.31197853572667,
          0.45343755410431186
        ],
        [
          1.6596454592590522,
          85.95005840808153,
          5.137622050395294
        ],
        [
          0.5478146527829881,
          85.19996307324618,
          6.449187535712554
        ]
      ],
      "yieldKwhPerSqm": 672
    },
    {
      "id": 5,
      "normal": [
        -0.015347033838573085,
        0.9946262196901802,
        -0.10238726315894395
      ],
      "area": 5.3,
      "usableArea": 5.3,
      "azimuth": 189,
      "tilt": 6,
      "vertices": [
        [
          -4.918100763700779,
          82.57308270130306,
          4.575499454433157
        ],
        [
          -2.8447006874548904,
          89.12742465175688,
          -0.4834136213976308
        ],
        [
          -1.9022924538067243,
          89.12584317289293,
          -0.8581429832483991
        ],
        [
          0.5479586517839992,
          89.31197853572667,
          0.45343755410431186
        ],
        [
          0.5478198893769946,
          82.94491641130298,
          7.386016370648576
        ],
        [
          -2.090910949052188,
          82.94916321337223,
          7.760734223214968
        ]
      ],
      "yieldKwhPerSqm": 1070
    },
    {
      "id": 6,
      "normal": [
        0.24245801852299798,
        0.36759078631473563,
        -0.8978257754544675
      ],
      "area": 4.7,
      "usableArea": 4.7,
      "azimuth": 165,
      "tilt": 68,
      "vertices": [
        [
          -2.0907688475045076,
          87.81000626087189,
          -0.8581481772343977
        ],
        [
          4.863694074557286,
          88.17862895317376,
          1.3902511521373526
        ],
        [
          2.978882127202239,
          89.1214808486402,
          1.3902618325446383
        ]
      ],
      "yieldKwhPerSqm": 1056
    },
    {
      "id": 8,
      "normal": [
        0.3191037011653755,
        0.6466766874856659,
        -0.692807397308318
      ],
      "area": 2.1,
      "usableArea": 2.1,
      "azimuth": 155,
      "tilt": 50,
      "vertices": [
        [
          -2.0907688475045076,
          87.81000626087189,
          -0.8581481772343977
        ],
        [
          -1.1483575680822766,
          86.86835440248251,
          -1.2328754217232927
        ],
        [
          2.0364574356871956,
          86.8648279318586,
          -0.4834087235722109
        ],
        [
          3.921276623260353,
          86.86285053007305,
          0.26605129559902707
        ],
        [
          3.355833301779937,
          87.23989144340158,
          0.45342229205562035
        ],
        [
          0.5479673970193901,
          87.43148475512862,
          0.07870263365475694
        ]
      ],
      "yieldKwhPerSqm": 1073
    }
  ],
  "obstructions": [
    {
      "id": "dormer-1",
      "type": "dormer",
      "position": [
        0.5379965020329088,
        88.10533605355093,
        1.570068693127071
      ],
      "radius": 1.8188107258314967
    }
  ],
  "modulePositions": [
    {
      "x": -1.9493898228114566,
      "y": 86.57238278435531,
      "z": 1.8424581465448044,
      "faceId": 4
    },
    {
      "x": -0.5217526846521836,
      "y": 86.3088722289084,
      "z": 3.066637622322954,
      "faceId": 4
    },
    {
      "x": -2.63247745860801,
      "y": 86.16681084338757,
      "z": 2.5517730854270573,
      "faceId": 4
    },
    {
      "x": -1.2048403204487372,
      "y": 85.90330028794065,
      "z": 3.775952561205207,
      "faceId": 4
    },
    {
      "x": -3.3155650944045627,
      "y": 85.76123890241983,
      "z": 3.261088024309309,
      "faceId": 4
    },
    {
      "x": -0.4244514519367457,
      "y": 82.75263149078904,
      "z": 5.40005764366266,
      "faceId": 3
    },
    {
      "x": -0.4002337267492946,
      "y": 82.74607518073144,
      "z": 4.335353216798015,
      "faceId": 3
    },
    {
      "x": -2.0919215960287527,
      "y": 82.72846888974293,
      "z": 5.66135433959874,
      "faceId": 5
    },
    {
      "x": -1.6155926593739203,
      "y": 82.63820480041105,
      "z": 4.713099026783482,
      "faceId": 5
    },
    {
      "x": 0.5701474756480982,
      "y": 80.45563554413356,
      "z": 3.293601055805147,
      "faceId": 1
    },
    {
      "x": -1.3117146919508311,
      "y": 80.27159030498535,
      "z": 2.214180779866838,
      "faceId": 1
    },
    {
      "x": 0.5611406197998816,
      "y": 79.98345136662131,
      "z": 2.339040434862296,
      "faceId": 1
    },
    {
      "x": -1.3207215477990477,
      "y": 79.79940612747309,
      "z": 1.2596201589239882,
      "faceId": 1
    },
    {
      "x": 0.552133763951665,
      "y": 79.51126718910905,
      "z": 1.3844798139194463,
      "faceId": 1
    },
    {
      "x": -1.3297284036472643,
      "y": 79.32722194996083,
      "z": 0.30505953798113744,
      "faceId": 1
    },
    {
      "x": 2.4249890757023778,
      "y": 79.223128250745,
      "z": 1.5093394689149042,
      "faceId": 1
    }
  ],
  "buildingFootprint": {
    "center": [
      -0.46695135544150523,
      85.78722689735393,
      2.1709912862449223
    ],
    "size": [
      8.776652692623125,
      6.802377112209797,
      11.554231562962133
    ]
  },