{
  "houseId": "test4",
  "faces": [
    {
      "id": 1,
      "normal": [
        0.0013468686197839485,
        0.9999985657802748,
        -0.0010268312005806042
      ],
      "area": 33.8,
      "usableArea": 0,
      "azimuth": 127,
      "tilt": 0,
      "vertices": [
        [
          -7.368253920000854,
          86.87730207853019,
          0.07866479588119546
        ],
        [
          -5.6719981279520955,
          86.88838314358145,
          -4.230700485488342
        ],
        [
          -4.918074193300557,
          86.88715153560042,
          -4.605430299961881
        ],
        [
          0.5287036714080089,
          84.43638974241912,
          -5.916970766695158
        ],
        [
          7.502494183362585,
          84.42927704378963,
          -2.9191460745278164
        ],
        [
          7.314017875346479,
          84.43022361863405,
          -2.1696836180854007
        ],
        [
          6.371639844489407,
          86.8785581421107,
          0.828179270880355
        ],
        [
          4.298376802581486,
          86.88651257753372,
          5.512341780973657
        ],
        [
          4.1098971080436675,
          86.88680622540414,
          5.512343335816695
        ],
        [
          -6.614424644044477,
          86.89498992264271,
          0.8281759940218762
        ]
      ],
      "yieldKwhPerSqm": 974
    },
    {
      "id": 3,
      "normal": [
        0.15049620421790838,
        0.9309998725602477,
        -0.33255094317834116
      ],
      "area": 23.3,
      "usableArea": 23.3,
      "azimuth": 156,
      "tilt": 21,
      "vertices": [
        [
          -4.541102275025908,
          85.75752717070282,
          -5.729623861225264
        ],
        [
          -3.787164273212541,
          84.25043729506433,
          -7.978015167253034
        ],
        [
          0.5478721838380509,
          84.43586443923414,
          -5.167505811514275
        ],
        [
          4.298329934122164,
          85.1862234249711,
          -2.731764518735872
        ],
        [
          0.5479673970193901,
          87.43148475512862,
          0.07870263365475694
        ],
        [
          -4.164155697340023,
          86.5117941275239,
          -3.106500331858115
        ]
      ],
      "yieldKwhPerSqm": 1074
    },
    {
      "id": 4,
      "normal": [
        0.1548140503700446,
        0.8361872012326049,
        -0.5261402610547918
      ],
      "area": 26.7,
      "usableArea": 9,
      "azimuth": 164,
      "tilt": 33,
      "vertices": [
        [
          -7.1798585415881755,
          86.89435579720885,
          -0.2960241367909475
        ],
        [
          -5.671903308720205,
          87.99934795964509,
          -3.6686674017328187
        ],
        [
          -3.9756520551227665,
          84.6275542518124,
          -7.041186927897797
        ],
        [
          -1.9023696603317446,
          84.43766707368195,
          -6.479081164659874
        ],
        [
          6.371593611657743,
          80.85780077986419,
          -4.043344262136088
        ],
        [
          6.937044800602023,
          81.79814395401627,
          -2.7317811991888448
        ],
        [
          6.7485833293694375,
          85.37179970741272,
          -1.4202161026987596
        ],
        [
          6.371636355871458,
          86.87801739759743,
          0.26608255218161503
        ],
        [
          5.994582974578377,
          87.80105284787714,
          1.5776130202357308
        ],
        [
          -7.1797719163651275,
          87.06487795896828,
          -0.1087015085722669
        ]
      ],
      "yieldKwhPerSqm": 1091
    },
    {
      "id": 5,
      "normal": [
        0.3087181986160267,
        0.6625829884121338,
        -0.6824052002367227
      ],
      "area": 13.7,
      "usableArea": 13.7,
      "azimuth": 156,
      "tilt": 49,
      "vertices": [
        [
          -3.9756520551227665,
          84.6275542518124,
          -7.041186927897797
        ],
        [
          -1.9023696603317446,
          84.43766707368195,
          -6.479081164659874
        ],
        [
          0.5478878078219781,
          81.05114292539656,
          -5.7296075397971435
        ],
        [
          3.544395919417154,
          84.05753737315536,
          -4.605423399792926
        ],
        [
          7.502494183362585,
          84.42927704378963,
          -2.9191460745278164
        ],
        [
          7.314017875346479,
          84.43022361863405,
          -2.1696836180854007
        ],
        [
          5.994582974578377,
          87.80105284787714,
          1.5776130202357308
        ],
        [
          5.617628170054529,
          88.7424288475886,
          2.327081697912945
        ],
        [
          -2.0907688475045076,
          87.81000626087189,
          -0.8581481772343977
        ],
        [
          -2.844687664538499,
          86.86971885897219,
          -1.9823515476527973
        ]
      ],
      "yieldKwhPerSqm": 1074
    },
    {
      "id": 6,
      "normal": [
        -0.1456101358334114,
        0.9364524609692944,
        0.31914648155216707
      ],
      "area": 10.1,
      "usableArea": 10.1,
      "azimuth": 335,
      "tilt": 21,
      "vertices": [
        [
          -6.8028082234150435,
          88.00345273315907,
          -1.045533358665125
        ],
        [
          -2.8447006874548904,
          89.12742465175688,
          -0.4834136213976308
        ],
        [
          0.5479586517839992,
          89.31197853572667,
          0.45343755410431186
        ],
        [
          3.544455259100657,
          85.76064172852784,
          6.4491721688900725
        ],
        [
          0.5478146527829881,
          85.19996307324618,
          6.449187535712554
        ],
        [
          -2.4678687253099567,
          85.39025670103729,
          4.762877925684734
        ]
      ],
      "yieldKwhPerSqm": 673
    },
    {
      "id": 7,
      "normal": [
        0.18048337950683432,
        0.4164180408806234,
        -0.8910789891760076
      ],
      "area": 14.8,
      "usableArea": 13.3,
      "azimuth": 169,
      "tilt": 65,
      "vertices": [
        [
          -3.033279027330566,
          86.8876310493797,
          -1.9822982257101103
        ],
        [
          -2.2793218528450168,
          82.18198707234114,
          -6.47908446573274
        ],
        [
          -1.5253930270037315,
          80.48865357320756,
          -6.85381453352602
        ],
        [
          6.1831256676168485,
          83.86657217517495,
          -3.668605161445157
        ],
        [
          7.502494183362585,
          84.42927704378963,
          -2.9191460745278164
        ],
        [
          6.371535543462385,
          86.85916355066001,
          0.2660410659518675
        ],
        [
          4.863694074557286,
          88.17862895317376,
          1.3902511521373526
        ],
        [
          4.48673524089915,
          89.11943045444787,
          1.5776199110914604
        ],
        [
          2.978882127202239,
          89.1214808486402,
          1.3902618325446383
        ],
        [
          -2.0907688475045076,
          87.81000626087189,
          -0.8581481772343977
        ]
      ],
      "yieldKwhPerSqm": 1066
    },
    {
      "id": 8,
      "normal": [
        0.46336942159303,
        0.5238432593017043,
        -0.7147566150912548
      ],
      "area": 4.5,
      "usableArea": 4.5,
      "azimuth": 147,
      "tilt": 58,