{
  "houseId": "test1",
  "faces": [
    {
      "id": 0,
      "normal": [
        -0.458120714700675,
        0.8664400210728367,
        -0.19851221787448045
      ],
      "area": 27.1,
      "usableArea": 27.1,
      "azimuth": 247,
      "tilt": 30,
      "vertices": [
        [
          -6.002688234652866,
          81.68126464542001,
          2.568118031609629
        ],
        [
          -5.625689123854515,
          81.49519511125982,
          1.0691912747060996
        ],
        [
          -5.060178382303108,
          75.66879077628255,
          -0.4297242313550669
        ],
        [
          -3.5522188436980437,
          81.31403565965593,
          -4.364408378016378
        ],
        [
          -2.23274235902774,
          81.50471730902791,
          -6.612794227890845
        ],
        [
          -1.6672582948622372,
          81.6926932297647,
          -6.612792151507165
        ],
        [
          -0.15931564346375732,
          83.19290073495358,
          -3.614933359895076
        ],
        [
          -1.2902967779473482,
          83.00147226080298,
          -0.991814227301802
        ],
        [
          -4.306228722310167,
          82.4342290693894,
          1.6312951729705674
        ]
      ],
      "yieldKwhPerSqm": 965
    },
    {
      "id": 2,
      "normal": [
        -0.35312309095972444,
        0.9307747825331278,
        0.09466988344483628
      ],
      "area": 7.8,
      "usableArea": 7.8,
      "azimuth": 285,
      "tilt": 21,
      "vertices": [
        [
          -6.002688234652866,
          81.68126464542001,
          2.568118031609629
        ],
        [
          -3.7406992049464107,
          76.0495194317773,
          -4.177039086345758
        ],
        [
          0.4061505129984501,
          84.50542112067342,
          -0.9918107991034049
        ],
        [
          0.5946438219589103,
          84.50358469597995,
          0.31975212274846854
        ],
        [
          -3.929241758752157,
          82.4331416990608,
          2.380759102765296
        ]
      ],
      "yieldKwhPerSqm": 817
    },
    {
      "id": 3,
      "normal": [
        0.5005953055377347,
        0.847130894506139,
        0.17825147305649666
      ],
      "area": 11.5,
      "usableArea": 11.5,
      "azimuth": 70,
      "tilt": 32,
      "vertices": [
        [
          -4.117720953286168,
          76.22755081951618,
          3.3175941053850693
        ],
        [
          1.1601319319060923,
          84.50433895550668,
          -0.24234284413250862
        ],
        [
          2.29110726657835,
          83.94129749946296,
          -0.991803324308421
        ],
        [
          6.795987425391089,
          82.06400216929615,
          -3.052848091807391
        ],
        [
          5.476545877308111,
          81.11651219893247,
          2.1934039066618425
        ],
        [
          2.4606413080082192,
          82.61772307939827,
          4.254445736303751
        ],
        [
          -4.117720455843497,
          75.85026039928198,
          4.254426047678862
        ]
      ],
      "yieldKwhPerSqm": 804
    },
    {
      "id": 4,
      "normal": [
        -0.6812313471621754,
        0.677261004394219,
        -0.2779233411761984
      ],
      "area": 6.1,
      "usableArea": 4.5,
      "azimuth": 248,
      "tilt": 47,
      "vertices": [
        [
          -5.437183163691786,
          78.11020166054368,
          1.6312962272277218
        ],
        [
          -3.7406992049464107,
          76.0495194317773,
          -4.177039086345758
        ],
        [
          -3.1752033654875205,
          75.6757728299126,
          -6.050694490775641
        ],
        [
          -2.79821144636209,
          75.86443895474076,
          -6.612790851380851
        ],
        [
          -2.421238313293558,
          81.12893236987293,
          -6.800162416875537
        ],
        [
          -2.23274235902774,
          81.50471730902791,
          -6.612794227890845
        ],
        [
          -0.15931564346375732,
          83.19290073495358,
          -3.614933359895076
        ],
        [
          0.4061505129984501,
          84.50542112067342,
          -0.9918107991034049
        ],
        [
          -5.060200851857204,
          78.67339350655675,
          2.1933924658296746
        ]
      ],
      "yieldKwhPerSqm": 958
    },
    {
      "id": 5,
      "normal": [
        0.08413825479630391,
        0.8016234548962435,
        -0.5918788648364143
      ],
      "area": 7.2,
      "usableArea": 7.2,
      "azimuth": 172,
      "tilt": 37,
      "vertices": [
        [
          -4.871690748240341,
          78.11339961644262,
          -0.8044590363206225
        ],
        [
          2.102622478637371,
          82.81578203942627,
          -2.865459969259973
        ],
        [
          6.418989980030331,
          81.50121084786952,
          -3.9896731479020673
        ],
        [
          3.9685729850507263,
          83.3782511241734,
          -1.7412737794147688
        ],
        [
          2.291104139779221,
          83.94181104563177,
          -1.3665347681308049
        ],
        [
          0.4061505129984501,
          84.50542112067342,
          -0.9918107991034049
        ],
        [
          -4.306203623399612,
          78.30081930942833,
          -0.429724479552533
        ]
      ],
      "yieldKwhPerSqm": 1098
    },
    {
      "id": 6,
      "normal": [
        0.300858386843776,
        0.8112864204952227,
        -0.5012968930542155
      ],
      "area": 5.9,
      "usableArea": 5.9,
      "azimuth": 149,
      "tilt": 36,
      "vertices": [
        [
          -1.290275733782452,
          82.2555450797081,
          -5.675964295856829
        ],
        [
          2.102622478637371,
          82.81578203942627,
          -2.865459969259973
        ],
        [
          2.291110888724673,
          83.19104756880552,
          -2.3033617003748077
        ],
        [
          2.291104139779221,
          83.94181104563177,
          -1.3665347681308049
        ],
        [
          0.4061505129984501,
          84.50542112067342,
          -0.9918107991034049
        ]
      ],
      "yieldKwhPerSqm": 1069
    },
    {
      "id": 7,
      "normal": [
        0.5472210928031375,
        0.7180466357240259,
        0.43006755808448066
      ],
      "area": 4.4,
      "usableArea": 4.4,
      "azimuth": 52,
      "tilt": 44,
      "vertices": [
        [
          2.2721260150619704,
          83.94051462039351,
          -0.4297045622879523
        ],
        [
          3.9685729850507263,
          83.3782511241734,
          -1.7412737794147688
        ],
        [
          6.795987425391089,
          82.06400216929615,
          -3.052848091807391
        ],
        [
          3.780082043861497,
          82.62412892468274,
          -0.24234386719035683
        ]
      ],
      "yieldKwhPerSqm": 741
    },
    {
      "id": 8,
      "normal": [
        0.36699442467277477,
        0.9242946417883622,
        0.10485469670178116
      ],
      "area": 4,
      "usableArea": 4,
      "azimuth": 74,
      "tilt": 22,
      "vertices": [
        [
          0.4061505129984501,
          84.50542112067342,
          -0.9918107991034049
        ],
        [
          3.9685729850507263,
          83.3782511241734,
          -1.7412737794147688
        ],
        [
          6.230511617865871,
          81.6851318590343,
          -0.9918204327041167
        ],
        [
          5.853530140030656,
          81.4941843431443,
          1.0692055658510071
        ],
        [
          3.4030961657599463,
          75.6588832642883,
          5.940741023987357
        ],
        [
          2.2721246663904666,
          76.03578925319016,
          5.378648774239991
        ]
      ],
      "yieldKwhPerSqm": 814
    },
    {
      "id": 9,