{
  "samples": 805,
  "mape": 0.3100186272289271,
  "mae": 3.0600580745341635,
  "rmse": 4.271148645898096,
  "accuracy_at_10pct": 0.2236024844720497,
  "accuracy_at_20pct": 0.41987577639751555,
  "accuracy_at_30pct": 0.5888198757763975,
  "battery_mae_kwh": 2.310533159947986,
  "elapsed_ms": 170
}